<?xml version="1.0" encoding="UTF-8"?>

<DeviceUseStatement xmlns="http://hl7.org/fhir">
  <id value="FPIG-FSC-Hospital-Discharge-Mobility-1-UseOfDevice-2"/>
  <meta>
    <profile value="http://hl7.org/fhir/us/pacio-fp/StructureDefinition/fp-use-of-device"/>
  </meta>
  <text>
    <status value="generated"/><div xmlns="http://www.w3.org/1999/xhtml"><p><b>Generated Narrative</b></p><div style="display: inline-block; background-color: #d9e0e7; padding: 6px; margin: 4px; border: 1px solid #8da1b4; border-radius: 5px; line-height: 60%"><p style="margin-bottom: 0px">Resource "FPIG-FSC-Hospital-Discharge-Mobility-1-UseOfDevice-2" </p><p style="margin-bottom: 0px">Profile: <a href="StructureDefinition-fp-use-of-device.html">Functional Performance Use of Device</a></p></div><p><b>status</b>: active</p><p><b>subject</b>: <a href="Patient-FPIG-patientBSJ1.html">Patient/FPIG-patientBSJ1</a> " SMITH-JOHNSON"</p><p><b>derivedFrom</b>: <a href="Observation-FPIG-FSC-Hospital-Discharge-Mobility-1.html">Observation/FPIG-FSC-Hospital-Discharge-Mobility-1</a></p><p><b>recordedOn</b>: 2020-07-10 02:34:00-0500</p><p><b>source</b>: <a href="Practitioner-FPIG-Practitioner-RonMarble.html">Practitioner/FPIG-Practitioner-RonMarble</a> " MARBLE"</p><p><b>device</b>: <a href="Device-FPIG-CMS-Device-RollingWalker.html">Device/FPIG-CMS-Device-RollingWalker</a></p></div>
  </text>
  <status value="active"/>
  <subject>
    <reference value="Patient/FPIG-patientBSJ1"/>
  </subject>
  <derivedFrom>
    <reference value="Observation/FPIG-FSC-Hospital-Discharge-Mobility-1"/>
  </derivedFrom>
  <recordedOn value="2020-07-10T14:34:00-05:00"/>
  <source>
    <reference value="Practitioner/FPIG-Practitioner-RonMarble"/>
  </source>
  <device>
    <reference value="Device/FPIG-CMS-Device-RollingWalker"/>
  </device>
</DeviceUseStatement>