<?xml version="1.0" encoding="UTF-8"?>

<ImplementationGuide xmlns="http://hl7.org/fhir">
  <id value="hl7.fhir.us.pacio-fp"/>
  <text>
    <status value="extensions"/><div xmlns="http://www.w3.org/1999/xhtml"><h2>PACIOFunctionalPerformanceImplementationGuide</h2><p>The official URL for this implementation guide is: </p><pre>http://hl7.org/fhir/us/pacio-fp/ImplementationGuide/hl7.fhir.us.pacio-fp</pre><div><p>FHIR Implementation Guide to exchange functional performance data and assessments between post-acute care (PAC) and other providers, patients, and key stakeholders</p>
</div></div>
  </text>
  <url value="http://hl7.org/fhir/us/pacio-fp/ImplementationGuide/hl7.fhir.us.pacio-fp"/>
  <version value="1.0.0"/>
  <name value="PACIOFunctionalPerformanceImplementationGuide"/>
  <title value="PACIO Functional Performance Implementation Guide"/>
  <status value="draft"/>
  <date value="2022-05-13T16:07:55-04:00"/>
  <publisher value="HL7 Patient Care Work Group"/>
  <contact>
    <name value="HL7 Patient Care Work Group"/>
    <telecom>
      <system value="url"/>
      <value value="http://www.hl7.org/Special/committees/patientcare"/>
    </telecom>
    <telecom>
      <system value="email"/>
      <value value="patientcare@lists.HL7.org"/>
    </telecom>
  </contact>
  <contact>
    <name value="PACIO project"/>
    <telecom>
      <system value="url"/>
      <value value="http://www.hl7.org/Special/committees/patientcare"/>
    </telecom>
    <telecom>
      <system value="email"/>
      <value value="info@pacioproject.org"/>
    </telecom>
  </contact>
  <description value="FHIR Implementation Guide to exchange functional performance data and assessments between post-acute care (PAC) and other providers, patients, and key stakeholders"/>
  <jurisdiction>
    <coding>
      <system value="urn:iso:std:iso:3166"/>
      <code value="US"/>
    </coding>
  </jurisdiction>
  <packageId value="hl7.fhir.us.pacio-fp"/>
  <license value="CC0-1.0"/>
  <fhirVersion value="4.0.1"/>
  <dependsOn id="hl7_fhir_us_core">
    <uri value="http://hl7.org/fhir/us/core/ImplementationGuide/hl7.fhir.us.core"/>
    <packageId value="hl7.fhir.us.core"/>
    <version value="3.1.1"/>
  </dependsOn>
  <dependsOn id="hl7_fhir_uv_sdc">
    <uri value="http://hl7.org/fhir/uv/sdc/ImplementationGuide/sdc"/>
    <packageId value="hl7.fhir.uv.sdc"/>
    <version value="2.7.0"/>
  </dependsOn>
  <definition>
    <extension url="http://hl7.org/fhir/tools/StructureDefinition/ig-parameter">
      <extension url="code">
        <valueString value="copyrightyear"/>
      </extension>
      <extension url="value">
        <valueString value="2020+"/>
      </extension>
    </extension>
    <extension url="http://hl7.org/fhir/tools/StructureDefinition/ig-parameter">
      <extension url="code">
        <valueString value="releaselabel"/>
      </extension>
      <extension url="value">
        <valueString value="ci-build"/>
      </extension>
    </extension>
    <extension url="http://hl7.org/fhir/tools/StructureDefinition/ig-parameter">
      <extension url="code">
        <valueString value="path-expansion-params"/>
      </extension>
      <extension url="value">
        <valueString value="../../input/_resources/terminology-settings.json"/>
      </extension>
    </extension>
    <extension url="http://hl7.org/fhir/tools/StructureDefinition/ig-parameter">
      <extension url="code">
        <valueString value="show-inherited-invariants"/>
      </extension>
      <extension url="value">
        <valueString value="false"/>
      </extension>
    </extension>
    <extension url="http://hl7.org/fhir/tools/StructureDefinition/ig-parameter">
      <extension url="code">
        <valueString value="apply-jurisdiction"/>
      </extension>
      <extension url="value">
        <valueString value="true"/>
      </extension>
    </extension>
    <extension url="http://hl7.org/fhir/tools/StructureDefinition/ig-parameter">
      <extension url="code">
        <valueString value="apply-publisher"/>
      </extension>
      <extension url="value">
        <valueString value="true"/>
      </extension>
    </extension>
    <extension url="http://hl7.org/fhir/tools/StructureDefinition/ig-parameter">
      <extension url="code">
        <valueString value="path-history"/>
      </extension>
      <extension url="value">
        <valueString value="http://hl7.org/fhir/us/pacio-fp/history.html"/>
      </extension>
    </extension>
    <extension url="http://hl7.org/fhir/tools/StructureDefinition/ig-parameter">
      <extension url="code">
        <valueString value="autoload-resources"/>
      </extension>
      <extension url="value">
        <valueString value="true"/>
      </extension>
    </extension>
    <extension url="http://hl7.org/fhir/tools/StructureDefinition/ig-parameter">
      <extension url="code">
        <valueString value="path-liquid"/>
      </extension>
      <extension url="value">
        <valueString value="template/liquid"/>
      </extension>
    </extension>
    <extension url="http://hl7.org/fhir/tools/StructureDefinition/ig-parameter">
      <extension url="code">
        <valueString value="path-liquid"/>
      </extension>
      <extension url="value">
        <valueString value="input/liquid"/>
      </extension>
    </extension>
    <extension url="http://hl7.org/fhir/tools/StructureDefinition/ig-parameter">
      <extension url="code">
        <valueString value="path-qa"/>
      </extension>
      <extension url="value">
        <valueString value="temp/qa"/>
      </extension>
    </extension>
    <extension url="http://hl7.org/fhir/tools/StructureDefinition/ig-parameter">
      <extension url="code">
        <valueString value="path-temp"/>
      </extension>
      <extension url="value">
        <valueString value="temp/pages"/>
      </extension>
    </extension>
    <extension url="http://hl7.org/fhir/tools/StructureDefinition/ig-parameter">
      <extension url="code">
        <valueString value="path-output"/>
      </extension>
      <extension url="value">
        <valueString value="output"/>
      </extension>
    </extension>
    <extension url="http://hl7.org/fhir/tools/StructureDefinition/ig-parameter">
      <extension url="code">
        <valueString value="path-suppressed-warnings"/>
      </extension>
      <extension url="value">
        <valueString value="input/ignoreWarnings.txt"/>
      </extension>
    </extension>
    <extension url="http://hl7.org/fhir/tools/StructureDefinition/ig-parameter">
      <extension url="code">
        <valueString value="template-html"/>
      </extension>
      <extension url="value">
        <valueString value="template-page.html"/>
      </extension>
    </extension>
    <extension url="http://hl7.org/fhir/tools/StructureDefinition/ig-parameter">
      <extension url="code">
        <valueString value="template-md"/>
      </extension>
      <extension url="value">
        <valueString value="template-page-md.html"/>
      </extension>
    </extension>
    <extension url="http://hl7.org/fhir/tools/StructureDefinition/ig-parameter">
      <extension url="code">
        <valueString value="apply-contact"/>
      </extension>
      <extension url="value">
        <valueString value="true"/>
      </extension>
    </extension>
    <extension url="http://hl7.org/fhir/tools/StructureDefinition/ig-parameter">
      <extension url="code">
        <valueString value="apply-context"/>
      </extension>
      <extension url="value">
        <valueString value="true"/>
      </extension>
    </extension>
    <extension url="http://hl7.org/fhir/tools/StructureDefinition/ig-parameter">
      <extension url="code">
        <valueString value="apply-copyright"/>
      </extension>
      <extension url="value">
        <valueString value="true"/>
      </extension>
    </extension>
    <extension url="http://hl7.org/fhir/tools/StructureDefinition/ig-parameter">
      <extension url="code">
        <valueString value="apply-license"/>
      </extension>
      <extension url="value">
        <valueString value="true"/>
      </extension>
    </extension>
    <extension url="http://hl7.org/fhir/tools/StructureDefinition/ig-parameter">
      <extension url="code">
        <valueString value="apply-version"/>
      </extension>
      <extension url="value">
        <valueString value="true"/>
      </extension>
    </extension>
    <extension url="http://hl7.org/fhir/tools/StructureDefinition/ig-parameter">
      <extension url="code">
        <valueString value="active-tables"/>
      </extension>
      <extension url="value">
        <valueString value="true"/>
      </extension>
    </extension>
    <extension url="http://hl7.org/fhir/tools/StructureDefinition/ig-parameter">
      <extension url="code">
        <valueString value="fmm-definition"/>
      </extension>
      <extension url="value">
        <valueString value="http://hl7.org/fhir/versions.html#maturity"/>
      </extension>
    </extension>
    <extension url="http://hl7.org/fhir/tools/StructureDefinition/ig-parameter">
      <extension url="code">
        <valueString value="propagate-status"/>
      </extension>
      <extension url="value">
        <valueString value="true"/>
      </extension>
    </extension>
    <extension url="http://hl7.org/fhir/tools/StructureDefinition/ig-parameter">
      <extension url="code">
        <valueString value="excludelogbinaryformat"/>
      </extension>
      <extension url="value">
        <valueString value="true"/>
      </extension>
    </extension>
    <resource>
      <extension url="http://hl7.org/fhir/tools/StructureDefinition/resource-information">
        <valueString value="StructureDefinition:resource"/>
      </extension>
      <reference>
        <reference value="StructureDefinition/fp-collection"/>
      </reference>
      <name value="Functional Performance Collection"/>
      <description value="A point in time collection of post-acute care observations for a patient. This profile is used for exchanging a set of observation data collected through the use of a structured resource (e.g. assessment tool, instrument, or screen)."/>
      <exampleBoolean value="false"/>
    </resource>
    <resource>
      <extension url="http://hl7.org/fhir/tools/StructureDefinition/resource-information">
        <valueString value="StructureDefinition:resource"/>
      </extension>
      <reference>
        <reference value="StructureDefinition/fp-narrative-history-of-status"/>
      </reference>
      <name value="Functional Performance Narrative History of Status"/>
      <description value="An exchange of summary observation regarding the most recent prior status immediately preceding the current admission, illness, or exacerbation for a patient. The use of this profile is encouraged in the absence of formal prior level assessments. For formal assessments conducted with for example, an assessment instrument, use the PAC Collection and PAC Observation profiles to capture assessment data."/>
      <exampleBoolean value="false"/>
    </resource>
    <resource>
      <extension url="http://hl7.org/fhir/tools/StructureDefinition/resource-information">
        <valueString value="StructureDefinition:resource"/>
      </extension>
      <reference>
        <reference value="StructureDefinition/fp-observation"/>
      </reference>
      <name value="Functional Performance Observation"/>
      <description value="An exchange of post-acute care observation for a patient. This profile is used for exchanging a single observation data generally included in a set of observation data collected through the use of a structured resource (e.g. assessment tool, instrument, or screen)."/>
      <exampleBoolean value="false"/>
    </resource>
    <resource>
      <extension url="http://hl7.org/fhir/tools/StructureDefinition/resource-information">
        <valueString value="StructureDefinition:resource"/>
      </extension>
      <reference>
        <reference value="StructureDefinition/fp-use-of-device"/>
      </reference>
      <name value="Functional Performance Use of Device"/>
      <description value="A record of an assistive device--e.g. eyeglasses or hearing aid, being used by a patient during a post-acute care observation. This profile based on the DeviceUseStatement resource provides a way to include information about device usage during an assessment."/>
      <exampleBoolean value="false"/>
    </resource>
    <resource>
      <extension url="http://hl7.org/fhir/tools/StructureDefinition/resource-information">
        <valueString value="StructureDefinition:extension"/>
      </extension>
      <reference>
        <reference value="StructureDefinition/assistance-required"/>
      </reference>
      <name value="AssistanceRequired"/>
      <description value="Associated with the Narrative History of Status profile to provide a high-level indication of assistance required for the person’s baseline ability (status immediately preceding the current admission, illness, or exacerbation for a patient). The CMS Assessment answer list LL4309-2 provides possible values for this extension."/>
      <exampleBoolean value="false"/>
    </resource>
    <resource>
      <extension url="http://hl7.org/fhir/tools/StructureDefinition/resource-information">
        <valueString value="StructureDefinition:extension"/>
      </extension>
      <reference>
        <reference value="StructureDefinition/device-patient-used"/>
      </reference>
      <name value="DevicePatientUsed"/>
      <description value="Associated with the PAC Collection profile to point to a record indicating what healthcare-related assistive device was used by a patient during an observation. This extension leverages the DeviceUseStatement resource instead of Device resource so as to indicate appropriately a record of assistive device usage by a patient."/>
      <exampleBoolean value="false"/>
    </resource>
    <resource>
      <extension url="http://hl7.org/fhir/tools/StructureDefinition/resource-information">
        <valueString value="StructureDefinition:extension"/>
      </extension>
      <reference>
        <reference value="StructureDefinition/event-location"/>
      </reference>
      <name value="ObservationEventLocation"/>
      <description value="This extension is used to indicate the principal physical location where an observation event occurred."/>
      <exampleBoolean value="false"/>
    </resource>
    <resource>
      <extension url="http://hl7.org/fhir/tools/StructureDefinition/resource-information">
        <valueString value="ValueSet"/>
      </extension>
      <reference>
        <reference value="ValueSet/fp-category-vs"/>
      </reference>
      <name value="Functional Performance Category Value Set"/>
      <description value="Codes for the classification of functional indicators."/>
      <exampleBoolean value="false"/>
    </resource>
    <resource>
      <extension url="http://hl7.org/fhir/tools/StructureDefinition/resource-information">
        <valueString value="ValueSet"/>
      </extension>
      <reference>
        <reference value="ValueSet/fp-functioning-vs"/>
      </reference>
      <name value="Functional Performance Functioning Category Value Set"/>
      <description value="Codes for the classification of patient observation. This is an extension of the ObservationCategoryCodes value set"/>
      <exampleBoolean value="false"/>
    </resource>
    <resource>
      <extension url="http://hl7.org/fhir/tools/StructureDefinition/resource-information">
        <valueString value="ValueSet"/>
      </extension>
      <reference>
        <reference value="ValueSet/fp-loinc-snomed-vs"/>
      </reference>
      <name value="Functional Performance ValueSet LOINC SNOMED"/>
      <description value="This value set contains all of LOINC and SNOMED CT."/>
      <exampleBoolean value="false"/>
    </resource>
    <resource>
      <extension url="http://hl7.org/fhir/tools/StructureDefinition/resource-information">
        <valueString value="CodeSystem"/>
      </extension>
      <reference>
        <reference value="CodeSystem/fp-category-cs"/>
      </reference>
      <name value="Functional Performance Category"/>
      <description value="Codes for functional performance categories"/>
      <exampleBoolean value="false"/>
    </resource>
    <resource>
      <extension url="http://hl7.org/fhir/tools/StructureDefinition/resource-information">
        <valueString value="CodeSystem"/>
      </extension>
      <reference>
        <reference value="CodeSystem/fp-functioning-cs"/>
      </reference>
      <name value="Functional Performance Functioning Category Code System"/>
      <description value="Defining a specific code for the classification of patient observation regarding individual's functioning."/>
      <exampleBoolean value="false"/>
    </resource>
    <resource>
      <extension url="http://hl7.org/fhir/tools/StructureDefinition/resource-information">
        <valueString value="Device"/>
      </extension>
      <reference>
        <reference value="Device/FPIG-CMS-Device-BedsideRails"/>
      </reference>
      <name value="FPIG-CMS-Device-BedsideRails"/>
      <description value="An instance of Device"/>
      <exampleBoolean value="true"/>
    </resource>
    <resource>
      <extension url="http://hl7.org/fhir/tools/StructureDefinition/resource-information">
        <valueString value="Device"/>
      </extension>
      <reference>
        <reference value="Device/FPIG-CMS-Device-Eyeglasses"/>
      </reference>
      <name value="FPIG-CMS-Device-Eyeglasses"/>
      <description value="An instance of Device"/>
      <exampleBoolean value="true"/>
    </resource>
    <resource>
      <extension url="http://hl7.org/fhir/tools/StructureDefinition/resource-information">
        <valueString value="Device"/>
      </extension>
      <reference>
        <reference value="Device/FPIG-CMS-Device-HandleBars"/>
      </reference>
      <name value="FPIG-CMS-Device-HandleBars"/>
      <description value="An instance of Device"/>
      <exampleBoolean value="true"/>
    </resource>
    <resource>
      <extension url="http://hl7.org/fhir/tools/StructureDefinition/resource-information">
        <valueString value="Device"/>
      </extension>
      <reference>
        <reference value="Device/FPIG-CMS-Device-HearingAid"/>
      </reference>
      <name value="FPIG-CMS-Device-HearingAid"/>
      <description value="An instance of Device"/>
      <exampleBoolean value="true"/>
    </resource>
    <resource>
      <extension url="http://hl7.org/fhir/tools/StructureDefinition/resource-information">
        <valueString value="Device"/>
      </extension>
      <reference>
        <reference value="Device/FPIG-CMS-Device-RaisedToiletSeat"/>
      </reference>
      <name value="FPIG-CMS-Device-RaisedToiletSeat"/>
      <description value="An instance of Device"/>
      <exampleBoolean value="true"/>
    </resource>
    <resource>
      <extension url="http://hl7.org/fhir/tools/StructureDefinition/resource-information">
        <valueString value="Device"/>
      </extension>
      <reference>
        <reference value="Device/FPIG-CMS-Device-RollingWalker"/>
      </reference>
      <name value="FPIG-CMS-Device-RollingWalker"/>
      <description value="An instance of Device"/>
      <exampleBoolean value="true"/>
    </resource>
    <resource>
      <extension url="http://hl7.org/fhir/tools/StructureDefinition/resource-information">
        <valueString value="Device"/>
      </extension>
      <reference>
        <reference value="Device/FPIG-CMS-Device-Walker"/>
      </reference>
      <name value="FPIG-CMS-Device-Walker"/>
      <description value="An instance of Device"/>
      <exampleBoolean value="true"/>
    </resource>
    <resource>
      <extension url="http://hl7.org/fhir/tools/StructureDefinition/resource-information">
        <valueString value="Observation"/>
      </extension>
      <reference>
        <reference value="Observation/FPIG-CSC-Hospital-MMSE-1"/>
      </reference>
      <name value="FPIG-CSC-Hospital-MMSE-1"/>
      <description value="An instance of Functional Performance Collection for hospital MMSE assessment"/>
      <exampleCanonical value="http://hl7.org/fhir/us/pacio-fp/StructureDefinition/fp-collection"/>
    </resource>
    <resource>
      <extension url="http://hl7.org/fhir/tools/StructureDefinition/resource-information">
        <valueString value="Observation"/>
      </extension>
      <reference>
        <reference value="Observation/FPIG-CSC-Hospital-MMSE-1-Ob-Question-31"/>
      </reference>
      <name value="FPIG-CSC-Hospital-MMSE-1-Ob-Question-31"/>
      <description value="An instance of Functional Performance Observation"/>
      <exampleCanonical value="http://hl7.org/fhir/us/pacio-fp/StructureDefinition/fp-observation"/>
    </resource>
    <resource>
      <extension url="http://hl7.org/fhir/tools/StructureDefinition/resource-information">
        <valueString value="Observation"/>
      </extension>
      <reference>
        <reference value="Observation/FPIG-CSC-Hospital-MOCA-1"/>
      </reference>
      <name value="FPIG-CSC-Hospital-MOCA-1"/>
      <description value="An instance of Functional Performance Collection for hospital MOCA assessment"/>
      <exampleCanonical value="http://hl7.org/fhir/us/pacio-fp/StructureDefinition/fp-collection"/>
    </resource>
    <resource>
      <extension url="http://hl7.org/fhir/tools/StructureDefinition/resource-information">
        <valueString value="Observation"/>
      </extension>
      <reference>
        <reference value="Observation/FPIG-CSC-Hospital-MOCA-1-Ob-Question-1"/>
      </reference>
      <name value="FPIG-CSC-Hospital-MOCA-1-Ob-Question-1"/>
      <description value="An instance of Functional Performance Observation"/>
      <exampleCanonical value="http://hl7.org/fhir/us/pacio-fp/StructureDefinition/fp-observation"/>
    </resource>
    <resource>
      <extension url="http://hl7.org/fhir/tools/StructureDefinition/resource-information">
        <valueString value="Observation"/>
      </extension>
      <reference>
        <reference value="Observation/FPIG-CSC-SNF-BIMS-1"/>
      </reference>
      <name value="FPIG-CSC-SNF-BIMS-1"/>
      <description value="An instance of Functional Performance Collection for SNF BIMS assessment"/>
      <exampleCanonical value="http://hl7.org/fhir/us/pacio-fp/StructureDefinition/fp-collection"/>
    </resource>
    <resource>
      <extension url="http://hl7.org/fhir/tools/StructureDefinition/resource-information">
        <valueString value="Observation"/>
      </extension>
      <reference>
        <reference value="Observation/FPIG-CSC-SNF-BIMS-1-Ob-Question-10"/>
      </reference>
      <name value="FPIG-CSC-SNF-BIMS-1-Ob-Question-10"/>
      <description value="An instance of Functional Performance Observation"/>
      <exampleCanonical value="http://hl7.org/fhir/us/pacio-fp/StructureDefinition/fp-observation"/>
    </resource>
    <resource>
      <extension url="http://hl7.org/fhir/tools/StructureDefinition/resource-information">
        <valueString value="Observation"/>
      </extension>
      <reference>
        <reference value="Observation/FPIG-CSC-SNF-BIMS-1-Ob-Question-3"/>
      </reference>
      <name value="FPIG-CSC-SNF-BIMS-1-Ob-Question-3"/>
      <description value="An instance of Functional Performance Observation"/>
      <exampleCanonical value="http://hl7.org/fhir/us/pacio-fp/StructureDefinition/fp-observation"/>
    </resource>
    <resource>
      <extension url="http://hl7.org/fhir/tools/StructureDefinition/resource-information">
        <valueString value="Observation"/>
      </extension>
      <reference>
        <reference value="Observation/FPIG-CSC-SNF-BIMS-1-Ob-Question-4"/>
      </reference>
      <name value="FPIG-CSC-SNF-BIMS-1-Ob-Question-4"/>
      <description value="An instance of Functional Performance Observation"/>
      <exampleCanonical value="http://hl7.org/fhir/us/pacio-fp/StructureDefinition/fp-observation"/>
    </resource>
    <resource>
      <extension url="http://hl7.org/fhir/tools/StructureDefinition/resource-information">
        <valueString value="Observation"/>
      </extension>
      <reference>
        <reference value="Observation/FPIG-CSC-SNF-BIMS-1-Ob-Question-5"/>
      </reference>
      <name value="FPIG-CSC-SNF-BIMS-1-Ob-Question-5"/>
      <description value="An instance of Functional Performance Observation"/>
      <exampleCanonical value="http://hl7.org/fhir/us/pacio-fp/StructureDefinition/fp-observation"/>
    </resource>
    <resource>
      <extension url="http://hl7.org/fhir/tools/StructureDefinition/resource-information">
        <valueString value="Observation"/>
      </extension>
      <reference>
        <reference value="Observation/FPIG-CSC-SNF-BIMS-1-Ob-Question-6"/>
      </reference>
      <name value="FPIG-CSC-SNF-BIMS-1-Ob-Question-6"/>
      <description value="An instance of Functional Performance Observation"/>
      <exampleCanonical value="http://hl7.org/fhir/us/pacio-fp/StructureDefinition/fp-observation"/>
    </resource>
    <resource>
      <extension url="http://hl7.org/fhir/tools/StructureDefinition/resource-information">
        <valueString value="Observation"/>
      </extension>
      <reference>
        <reference value="Observation/FPIG-CSC-SNF-BIMS-1-Ob-Question-7"/>
      </reference>
      <name value="FPIG-CSC-SNF-BIMS-1-Ob-Question-7"/>
      <description value="An instance of Functional Performance Observation"/>
      <exampleCanonical value="http://hl7.org/fhir/us/pacio-fp/StructureDefinition/fp-observation"/>
    </resource>
    <resource>
      <extension url="http://hl7.org/fhir/tools/StructureDefinition/resource-information">
        <valueString value="Observation"/>
      </extension>
      <reference>
        <reference value="Observation/FPIG-CSC-SNF-BIMS-1-Ob-Question-8"/>
      </reference>
      <name value="FPIG-CSC-SNF-BIMS-1-Ob-Question-8"/>
      <description value="An instance of Functional Performance Observation"/>
      <exampleCanonical value="http://hl7.org/fhir/us/pacio-fp/StructureDefinition/fp-observation"/>
    </resource>
    <resource>
      <extension url="http://hl7.org/fhir/tools/StructureDefinition/resource-information">
        <valueString value="Observation"/>
      </extension>
      <reference>
        <reference value="Observation/FPIG-CSC-SNF-BIMS-1-Ob-Question-9"/>
      </reference>
      <name value="FPIG-CSC-SNF-BIMS-1-Ob-Question-9"/>
      <description value="An instance of Functional Performance Observation"/>
      <exampleCanonical value="http://hl7.org/fhir/us/pacio-fp/StructureDefinition/fp-observation"/>
    </resource>
    <resource>
      <extension url="http://hl7.org/fhir/tools/StructureDefinition/resource-information">
        <valueString value="DeviceUseStatement"/>
      </extension>
      <reference>
        <reference value="DeviceUseStatement/FPIG-CSC-SNF-BIMS-1-UseOfDevice-1"/>
      </reference>
      <name value="FPIG-CSC-SNF-BIMS-1-UseOfDevice-1"/>
      <description value="An instance of FunctionalPerformanceUseOfDevice"/>
      <exampleCanonical value="http://hl7.org/fhir/us/pacio-fp/StructureDefinition/fp-use-of-device"/>
    </resource>
    <resource>
      <extension url="http://hl7.org/fhir/tools/StructureDefinition/resource-information">
        <valueString value="DeviceUseStatement"/>
      </extension>
      <reference>
        <reference value="DeviceUseStatement/FPIG-CSC-SNF-BIMS-1-UseOfDevice-2"/>
      </reference>
      <name value="FPIG-CSC-SNF-BIMS-1-UseOfDevice-2"/>
      <description value="An instance of FunctionalPerformanceUseOfDevice"/>
      <exampleCanonical value="http://hl7.org/fhir/us/pacio-fp/StructureDefinition/fp-use-of-device"/>
    </resource>
    <resource>
      <extension url="http://hl7.org/fhir/tools/StructureDefinition/resource-information">
        <valueString value="Observation"/>
      </extension>
      <reference>
        <reference value="Observation/FPIG-CSC-SNF-CAM-Admission-1"/>
      </reference>
      <name value="FPIG-CSC-SNF-CAM-Admission-1"/>
      <description value="An instance of Functional Performance Collection for SNF CAM assessment"/>
      <exampleCanonical value="http://hl7.org/fhir/us/pacio-fp/StructureDefinition/fp-collection"/>
    </resource>
    <resource>
      <extension url="http://hl7.org/fhir/tools/StructureDefinition/resource-information">
        <valueString value="Observation"/>
      </extension>
      <reference>
        <reference value="Observation/FPIG-CSC-SNF-CAM-Admission-1-Ob-Question-1"/>
      </reference>
      <name value="FPIG-CSC-SNF-CAM-Admission-1-Ob-Question-1"/>
      <description value="An instance of Functional Performance Observation"/>
      <exampleCanonical value="http://hl7.org/fhir/us/pacio-fp/StructureDefinition/fp-observation"/>
    </resource>
    <resource>
      <extension url="http://hl7.org/fhir/tools/StructureDefinition/resource-information">
        <valueString value="Observation"/>
      </extension>
      <reference>
        <reference value="Observation/FPIG-CSC-SNF-CAM-Admission-1-Ob-Question-3"/>
      </reference>
      <name value="FPIG-CSC-SNF-CAM-Admission-1-Ob-Question-3"/>
      <description value="An instance of Functional Performance Observation"/>
      <exampleCanonical value="http://hl7.org/fhir/us/pacio-fp/StructureDefinition/fp-observation"/>
    </resource>
    <resource>
      <extension url="http://hl7.org/fhir/tools/StructureDefinition/resource-information">
        <valueString value="Observation"/>
      </extension>
      <reference>
        <reference value="Observation/FPIG-CSC-SNF-CAM-Admission-1-Ob-Question-5"/>
      </reference>
      <name value="FPIG-CSC-SNF-CAM-Admission-1-Ob-Question-5"/>
      <description value="An instance of Functional Performance Observation"/>
      <exampleCanonical value="http://hl7.org/fhir/us/pacio-fp/StructureDefinition/fp-observation"/>
    </resource>
    <resource>
      <extension url="http://hl7.org/fhir/tools/StructureDefinition/resource-information">
        <valueString value="Observation"/>
      </extension>
      <reference>
        <reference value="Observation/FPIG-CSC-SNF-PHQ9-1"/>
      </reference>
      <name value="FPIG-CSC-SNF-PHQ9-1"/>
      <description value="An instance of Functional Performance Collection"/>
      <exampleCanonical value="http://hl7.org/fhir/us/pacio-fp/StructureDefinition/fp-collection"/>
    </resource>
    <resource>
      <extension url="http://hl7.org/fhir/tools/StructureDefinition/resource-information">
        <valueString value="Observation"/>
      </extension>
      <reference>
        <reference value="Observation/FPIG-CSC-SNF-PHQ9-1-Ob-Question-11"/>
      </reference>
      <name value="FPIG-CSC-SNF-PHQ9-1-Ob-Question-11"/>
      <description value="An instance of Functional Performance Observation"/>
      <exampleCanonical value="http://hl7.org/fhir/us/pacio-fp/StructureDefinition/fp-observation"/>
    </resource>
    <resource>
      <extension url="http://hl7.org/fhir/tools/StructureDefinition/resource-information">
        <valueString value="Observation"/>
      </extension>
      <reference>
        <reference value="Observation/FPIG-CSC-SNF-PHQ9-1-Ob-Question-12"/>
      </reference>
      <name value="FPIG-CSC-SNF-PHQ9-1-Ob-Question-12"/>
      <description value="An instance of Functional Performance Observation"/>
      <exampleCanonical value="http://hl7.org/fhir/us/pacio-fp/StructureDefinition/fp-observation"/>
    </resource>
    <resource>
      <extension url="http://hl7.org/fhir/tools/StructureDefinition/resource-information">
        <valueString value="Observation"/>
      </extension>
      <reference>
        <reference value="Observation/FPIG-CSC-SNF-PHQ9-1-Ob-Question-13"/>
      </reference>
      <name value="FPIG-CSC-SNF-PHQ9-1-Ob-Question-13"/>
      <description value="An instance of Functional Performance Observation"/>
      <exampleCanonical value="http://hl7.org/fhir/us/pacio-fp/StructureDefinition/fp-observation"/>
    </resource>
    <resource>
      <extension url="http://hl7.org/fhir/tools/StructureDefinition/resource-information">
        <valueString value="Observation"/>
      </extension>
      <reference>
        <reference value="Observation/FPIG-CSC-SNF-PHQ9-1-Ob-Question-14"/>
      </reference>
      <name value="FPIG-CSC-SNF-PHQ9-1-Ob-Question-14"/>
      <description value="An instance of Functional Performance Observation"/>
      <exampleCanonical value="http://hl7.org/fhir/us/pacio-fp/StructureDefinition/fp-observation"/>
    </resource>
    <resource>
      <extension url="http://hl7.org/fhir/tools/StructureDefinition/resource-information">
        <valueString value="Observation"/>
      </extension>
      <reference>
        <reference value="Observation/FPIG-CSC-SNF-PHQ9-1-Ob-Question-15"/>
      </reference>
      <name value="FPIG-CSC-SNF-PHQ9-1-Ob-Question-15"/>
      <description value="An instance of Functional Performance Observation"/>
      <exampleCanonical value="http://hl7.org/fhir/us/pacio-fp/StructureDefinition/fp-observation"/>
    </resource>
    <resource>
      <extension url="http://hl7.org/fhir/tools/StructureDefinition/resource-information">
        <valueString value="Observation"/>
      </extension>
      <reference>
        <reference value="Observation/FPIG-CSC-SNF-PHQ9-1-Ob-Question-16"/>
      </reference>
      <name value="FPIG-CSC-SNF-PHQ9-1-Ob-Question-16"/>
      <description value="An instance of Functional Performance Observation"/>
      <exampleCanonical value="http://hl7.org/fhir/us/pacio-fp/StructureDefinition/fp-observation"/>
    </resource>
    <resource>
      <extension url="http://hl7.org/fhir/tools/StructureDefinition/resource-information">
        <valueString value="Observation"/>
      </extension>
      <reference>
        <reference value="Observation/FPIG-CSC-SNF-PHQ9-1-Ob-Question-17"/>
      </reference>
      <name value="FPIG-CSC-SNF-PHQ9-1-Ob-Question-17"/>
      <description value="An instance of Functional Performance Observation"/>
      <exampleCanonical value="http://hl7.org/fhir/us/pacio-fp/StructureDefinition/fp-observation"/>
    </resource>
    <resource>
      <extension url="http://hl7.org/fhir/tools/StructureDefinition/resource-information">
        <valueString value="Observation"/>
      </extension>
      <reference>
        <reference value="Observation/FPIG-CSC-SNF-PHQ9-1-Ob-Question-18"/>
      </reference>
      <name value="FPIG-CSC-SNF-PHQ9-1-Ob-Question-18"/>
      <description value="An instance of Functional Performance Observation"/>
      <exampleCanonical value="http://hl7.org/fhir/us/pacio-fp/StructureDefinition/fp-observation"/>
    </resource>
    <resource>
      <extension url="http://hl7.org/fhir/tools/StructureDefinition/resource-information">
        <valueString value="Observation"/>
      </extension>
      <reference>
        <reference value="Observation/FPIG-CSC-SNF-PHQ9-1-Ob-Question-19"/>
      </reference>
      <name value="FPIG-CSC-SNF-PHQ9-1-Ob-Question-19"/>
      <description value="An instance of Functional Performance Observation"/>
      <exampleCanonical value="http://hl7.org/fhir/us/pacio-fp/StructureDefinition/fp-observation"/>
    </resource>
    <resource>
      <extension url="http://hl7.org/fhir/tools/StructureDefinition/resource-information">
        <valueString value="Observation"/>
      </extension>
      <reference>
        <reference value="Observation/FPIG-CSC-SNF-PHQ9-1-Ob-Question-20"/>
      </reference>
      <name value="FPIG-CSC-SNF-PHQ9-1-Ob-Question-20"/>
      <description value="An instance of Functional Performance Observation"/>
      <exampleCanonical value="http://hl7.org/fhir/us/pacio-fp/StructureDefinition/fp-observation"/>
    </resource>
    <resource>
      <extension url="http://hl7.org/fhir/tools/StructureDefinition/resource-information">
        <valueString value="Observation"/>
      </extension>
      <reference>
        <reference value="Observation/FPIG-CSC-SNF-PHQ9-1-Ob-Question-21"/>
      </reference>
      <name value="FPIG-CSC-SNF-PHQ9-1-Ob-Question-21"/>
      <description value="An instance of Functional Performance Observation"/>
      <exampleCanonical value="http://hl7.org/fhir/us/pacio-fp/StructureDefinition/fp-observation"/>
    </resource>
    <resource>
      <extension url="http://hl7.org/fhir/tools/StructureDefinition/resource-information">
        <valueString value="Observation"/>
      </extension>
      <reference>
        <reference value="Observation/FPIG-CSC-SNF-PHQ9-1-Ob-Question-22"/>
      </reference>
      <name value="FPIG-CSC-SNF-PHQ9-1-Ob-Question-22"/>
      <description value="An instance of Functional Performance Observation"/>
      <exampleCanonical value="http://hl7.org/fhir/us/pacio-fp/StructureDefinition/fp-observation"/>
    </resource>
    <resource>
      <extension url="http://hl7.org/fhir/tools/StructureDefinition/resource-information">
        <valueString value="Observation"/>
      </extension>
      <reference>
        <reference value="Observation/FPIG-CSC-SNF-PHQ9-1-Ob-Question-23"/>
      </reference>
      <name value="FPIG-CSC-SNF-PHQ9-1-Ob-Question-23"/>
      <description value="An instance of Functional Performance Observation"/>
      <exampleCanonical value="http://hl7.org/fhir/us/pacio-fp/StructureDefinition/fp-observation"/>
    </resource>
    <resource>
      <extension url="http://hl7.org/fhir/tools/StructureDefinition/resource-information">
        <valueString value="Observation"/>
      </extension>
      <reference>
        <reference value="Observation/FPIG-CSC-SNF-PHQ9-1-Ob-Question-24"/>
      </reference>
      <name value="FPIG-CSC-SNF-PHQ9-1-Ob-Question-24"/>
      <description value="An instance of Functional Performance Observation"/>
      <exampleCanonical value="http://hl7.org/fhir/us/pacio-fp/StructureDefinition/fp-observation"/>
    </resource>
    <resource>
      <extension url="http://hl7.org/fhir/tools/StructureDefinition/resource-information">
        <valueString value="Observation"/>
      </extension>
      <reference>
        <reference value="Observation/FPIG-CSC-SNF-PHQ9-1-Ob-Question-25"/>
      </reference>
      <name value="FPIG-CSC-SNF-PHQ9-1-Ob-Question-25"/>
      <description value="An instance of Functional Performance Observation"/>
      <exampleCanonical value="http://hl7.org/fhir/us/pacio-fp/StructureDefinition/fp-observation"/>
    </resource>
    <resource>
      <extension url="http://hl7.org/fhir/tools/StructureDefinition/resource-information">
        <valueString value="Observation"/>
      </extension>
      <reference>
        <reference value="Observation/FPIG-CSC-SNF-PHQ9-1-Ob-Question-26"/>
      </reference>
      <name value="FPIG-CSC-SNF-PHQ9-1-Ob-Question-26"/>
      <description value="An instance of Functional Performance Observation"/>
      <exampleCanonical value="http://hl7.org/fhir/us/pacio-fp/StructureDefinition/fp-observation"/>
    </resource>
    <resource>
      <extension url="http://hl7.org/fhir/tools/StructureDefinition/resource-information">
        <valueString value="Observation"/>
      </extension>
      <reference>
        <reference value="Observation/FPIG-CSC-SNF-PHQ9-1-Ob-Question-27"/>
      </reference>
      <name value="FPIG-CSC-SNF-PHQ9-1-Ob-Question-27"/>
      <description value="An instance of Functional Performance Observation"/>
      <exampleCanonical value="http://hl7.org/fhir/us/pacio-fp/StructureDefinition/fp-observation"/>
    </resource>
    <resource>
      <extension url="http://hl7.org/fhir/tools/StructureDefinition/resource-information">
        <valueString value="Observation"/>
      </extension>
      <reference>
        <reference value="Observation/FPIG-CSC-SNF-PHQ9-1-Ob-Question-28"/>
      </reference>
      <name value="FPIG-CSC-SNF-PHQ9-1-Ob-Question-28"/>
      <description value="An instance of Functional Performance Observation"/>
      <exampleCanonical value="http://hl7.org/fhir/us/pacio-fp/StructureDefinition/fp-observation"/>
    </resource>
    <resource>
      <extension url="http://hl7.org/fhir/tools/StructureDefinition/resource-information">
        <valueString value="Observation"/>
      </extension>
      <reference>
        <reference value="Observation/FPIG-CSC-SNF-PHQ9-1-Ob-Question-29"/>
      </reference>
      <name value="FPIG-CSC-SNF-PHQ9-1-Ob-Question-29"/>
      <description value="An instance of Functional Performance Observation"/>
      <exampleCanonical value="http://hl7.org/fhir/us/pacio-fp/StructureDefinition/fp-observation"/>
    </resource>
    <resource>
      <extension url="http://hl7.org/fhir/tools/StructureDefinition/resource-information">
        <valueString value="Observation"/>
      </extension>
      <reference>
        <reference value="Observation/FPIG-FSC-Hospital-Admission-Mobility-1"/>
      </reference>
      <name value="FPIG-FSC-Hospital-Admission-Mobility-1"/>
      <description value="An instance of Functional Performance Collection"/>
      <exampleCanonical value="http://hl7.org/fhir/us/pacio-fp/StructureDefinition/fp-collection"/>
    </resource>
    <resource>
      <extension url="http://hl7.org/fhir/tools/StructureDefinition/resource-information">
        <valueString value="Observation"/>
      </extension>
      <reference>
        <reference value="Observation/FPIG-FSC-Hospital-Admission-Mobility-1-Ob-Question-1"/>
      </reference>
      <name value="FPIG-FSC-Hospital-Admission-Mobility-1-Ob-Question-1"/>
      <description value="An instance of Functional Performance Observation"/>
      <exampleCanonical value="http://hl7.org/fhir/us/pacio-fp/StructureDefinition/fp-observation"/>
    </resource>
    <resource>
      <extension url="http://hl7.org/fhir/tools/StructureDefinition/resource-information">
        <valueString value="Observation"/>
      </extension>
      <reference>
        <reference value="Observation/FPIG-FSC-Hospital-Admission-Mobility-1-Ob-Question-11"/>
      </reference>
      <name value="FPIG-FSC-Hospital-Admission-Mobility-1-Ob-Question-11"/>
      <description value="An instance of Functional Performance Observation"/>
      <exampleCanonical value="http://hl7.org/fhir/us/pacio-fp/StructureDefinition/fp-observation"/>
    </resource>
    <resource>
      <extension url="http://hl7.org/fhir/tools/StructureDefinition/resource-information">
        <valueString value="Observation"/>
      </extension>
      <reference>
        <reference value="Observation/FPIG-FSC-Hospital-Admission-Mobility-1-Ob-Question-13"/>
      </reference>
      <name value="FPIG-FSC-Hospital-Admission-Mobility-1-Ob-Question-13"/>
      <description value="An instance of Functional Performance Observation"/>
      <exampleCanonical value="http://hl7.org/fhir/us/pacio-fp/StructureDefinition/fp-observation"/>
    </resource>
    <resource>
      <extension url="http://hl7.org/fhir/tools/StructureDefinition/resource-information">
        <valueString value="Observation"/>
      </extension>
      <reference>
        <reference value="Observation/FPIG-FSC-Hospital-Admission-Mobility-1-Ob-Question-15"/>
      </reference>
      <name value="FPIG-FSC-Hospital-Admission-Mobility-1-Ob-Question-15"/>
      <description value="An instance of Functional Performance Observation"/>
      <exampleCanonical value="http://hl7.org/fhir/us/pacio-fp/StructureDefinition/fp-observation"/>
    </resource>
    <resource>
      <extension url="http://hl7.org/fhir/tools/StructureDefinition/resource-information">
        <valueString value="Observation"/>
      </extension>
      <reference>
        <reference value="Observation/FPIG-FSC-Hospital-Admission-Mobility-1-Ob-Question-17"/>
      </reference>
      <name value="FPIG-FSC-Hospital-Admission-Mobility-1-Ob-Question-17"/>
      <description value="An instance of Functional Performance Observation"/>
      <exampleCanonical value="http://hl7.org/fhir/us/pacio-fp/StructureDefinition/fp-observation"/>
    </resource>
    <resource>
      <extension url="http://hl7.org/fhir/tools/StructureDefinition/resource-information">
        <valueString value="Observation"/>
      </extension>
      <reference>
        <reference value="Observation/FPIG-FSC-Hospital-Admission-Mobility-1-Ob-Question-19"/>
      </reference>
      <name value="FPIG-FSC-Hospital-Admission-Mobility-1-Ob-Question-19"/>
      <description value="An instance of Functional Performance Observation"/>
      <exampleCanonical value="http://hl7.org/fhir/us/pacio-fp/StructureDefinition/fp-observation"/>
    </resource>
    <resource>
      <extension url="http://hl7.org/fhir/tools/StructureDefinition/resource-information">
        <valueString value="Observation"/>
      </extension>
      <reference>
        <reference value="Observation/FPIG-FSC-Hospital-Admission-Mobility-1-Ob-Question-21"/>
      </reference>
      <name value="FPIG-FSC-Hospital-Admission-Mobility-1-Ob-Question-21"/>
      <description value="An instance of Functional Performance Observation"/>
      <exampleCanonical value="http://hl7.org/fhir/us/pacio-fp/StructureDefinition/fp-observation"/>
    </resource>
    <resource>
      <extension url="http://hl7.org/fhir/tools/StructureDefinition/resource-information">
        <valueString value="Observation"/>
      </extension>
      <reference>
        <reference value="Observation/FPIG-FSC-Hospital-Admission-Mobility-1-Ob-Question-23"/>
      </reference>
      <name value="FPIG-FSC-Hospital-Admission-Mobility-1-Ob-Question-23"/>
      <description value="An instance of Functional Performance Observation"/>
      <exampleCanonical value="http://hl7.org/fhir/us/pacio-fp/StructureDefinition/fp-observation"/>
    </resource>
    <resource>
      <extension url="http://hl7.org/fhir/tools/StructureDefinition/resource-information">
        <valueString value="Observation"/>
      </extension>
      <reference>
        <reference value="Observation/FPIG-FSC-Hospital-Admission-Mobility-1-Ob-Question-25"/>
      </reference>
      <name value="FPIG-FSC-Hospital-Admission-Mobility-1-Ob-Question-25"/>
      <description value="An instance of Functional Performance Observation"/>
      <exampleCanonical value="http://hl7.org/fhir/us/pacio-fp/StructureDefinition/fp-observation"/>
    </resource>
    <resource>
      <extension url="http://hl7.org/fhir/tools/StructureDefinition/resource-information">
        <valueString value="Observation"/>
      </extension>
      <reference>
        <reference value="Observation/FPIG-FSC-Hospital-Admission-Mobility-1-Ob-Question-27"/>
      </reference>
      <name value="FPIG-FSC-Hospital-Admission-Mobility-1-Ob-Question-27"/>
      <description value="An instance of Functional Performance Observation"/>
      <exampleCanonical value="http://hl7.org/fhir/us/pacio-fp/StructureDefinition/fp-observation"/>
    </resource>
    <resource>
      <extension url="http://hl7.org/fhir/tools/StructureDefinition/resource-information">
        <valueString value="Observation"/>
      </extension>
      <reference>
        <reference value="Observation/FPIG-FSC-Hospital-Admission-Mobility-1-Ob-Question-29"/>
      </reference>
      <name value="FPIG-FSC-Hospital-Admission-Mobility-1-Ob-Question-29"/>
      <description value="An instance of Functional Performance Observation"/>
      <exampleCanonical value="http://hl7.org/fhir/us/pacio-fp/StructureDefinition/fp-observation"/>
    </resource>
    <resource>
      <extension url="http://hl7.org/fhir/tools/StructureDefinition/resource-information">
        <valueString value="Observation"/>
      </extension>
      <reference>
        <reference value="Observation/FPIG-FSC-Hospital-Admission-Mobility-1-Ob-Question-3"/>
      </reference>
      <name value="FPIG-FSC-Hospital-Admission-Mobility-1-Ob-Question-3"/>
      <description value="An instance of Functional Performance Observation"/>
      <exampleCanonical value="http://hl7.org/fhir/us/pacio-fp/StructureDefinition/fp-observation"/>
    </resource>
    <resource>
      <extension url="http://hl7.org/fhir/tools/StructureDefinition/resource-information">
        <valueString value="Observation"/>
      </extension>
      <reference>
        <reference value="Observation/FPIG-FSC-Hospital-Admission-Mobility-1-Ob-Question-31"/>
      </reference>
      <name value="FPIG-FSC-Hospital-Admission-Mobility-1-Ob-Question-31"/>
      <description value="An instance of Functional Performance Observation"/>
      <exampleCanonical value="http://hl7.org/fhir/us/pacio-fp/StructureDefinition/fp-observation"/>
    </resource>
    <resource>
      <extension url="http://hl7.org/fhir/tools/StructureDefinition/resource-information">
        <valueString value="Observation"/>
      </extension>
      <reference>
        <reference value="Observation/FPIG-FSC-Hospital-Admission-Mobility-1-Ob-Question-33"/>
      </reference>
      <name value="FPIG-FSC-Hospital-Admission-Mobility-1-Ob-Question-33"/>
      <description value="An instance of Functional Performance Observation"/>
      <exampleCanonical value="http://hl7.org/fhir/us/pacio-fp/StructureDefinition/fp-observation"/>
    </resource>
    <resource>
      <extension url="http://hl7.org/fhir/tools/StructureDefinition/resource-information">
        <valueString value="Observation"/>
      </extension>
      <reference>
        <reference value="Observation/FPIG-FSC-Hospital-Admission-Mobility-1-Ob-Question-5"/>
      </reference>
      <name value="FPIG-FSC-Hospital-Admission-Mobility-1-Ob-Question-5"/>
      <description value="An instance of Functional Performance Observation"/>
      <exampleCanonical value="http://hl7.org/fhir/us/pacio-fp/StructureDefinition/fp-observation"/>
    </resource>
    <resource>
      <extension url="http://hl7.org/fhir/tools/StructureDefinition/resource-information">
        <valueString value="Observation"/>
      </extension>
      <reference>
        <reference value="Observation/FPIG-FSC-Hospital-Admission-Mobility-1-Ob-Question-7"/>
      </reference>
      <name value="FPIG-FSC-Hospital-Admission-Mobility-1-Ob-Question-7"/>
      <description value="An instance of Functional Performance Observation"/>
      <exampleCanonical value="http://hl7.org/fhir/us/pacio-fp/StructureDefinition/fp-observation"/>
    </resource>
    <resource>
      <extension url="http://hl7.org/fhir/tools/StructureDefinition/resource-information">
        <valueString value="Observation"/>
      </extension>
      <reference>
        <reference value="Observation/FPIG-FSC-Hospital-Admission-Mobility-1-Ob-Question-9"/>
      </reference>
      <name value="FPIG-FSC-Hospital-Admission-Mobility-1-Ob-Question-9"/>
      <description value="An instance of Functional Performance Observation"/>
      <exampleCanonical value="http://hl7.org/fhir/us/pacio-fp/StructureDefinition/fp-observation"/>
    </resource>
    <resource>
      <extension url="http://hl7.org/fhir/tools/StructureDefinition/resource-information">
        <valueString value="DeviceUseStatement"/>
      </extension>
      <reference>
        <reference value="DeviceUseStatement/FPIG-FSC-Hospital-Admission-Mobility-1-UseOfDevice-6"/>
      </reference>
      <name value="FPIG-FSC-Hospital-Admission-Mobility-1-UseOfDevice-6"/>
      <description value="An instance of FunctionalPerformanceUseOfDevice"/>
      <exampleCanonical value="http://hl7.org/fhir/us/pacio-fp/StructureDefinition/fp-use-of-device"/>
    </resource>
    <resource>
      <extension url="http://hl7.org/fhir/tools/StructureDefinition/resource-information">
        <valueString value="DeviceUseStatement"/>
      </extension>
      <reference>
        <reference value="DeviceUseStatement/FPIG-FSC-Hospital-Admission-Mobility-1-UseOfDevice-7"/>
      </reference>
      <name value="FPIG-FSC-Hospital-Admission-Mobility-1-UseOfDevice-7"/>
      <description value="An instance of FunctionalPerformanceUseOfDevice"/>
      <exampleCanonical value="http://hl7.org/fhir/us/pacio-fp/StructureDefinition/fp-use-of-device"/>
    </resource>
    <resource>
      <extension url="http://hl7.org/fhir/tools/StructureDefinition/resource-information">
        <valueString value="Observation"/>
      </extension>
      <reference>
        <reference value="Observation/FPIG-FSC-Hospital-Discharge-Mobility-1"/>
      </reference>
      <name value="FPIG-FSC-Hospital-Discharge-Mobility-1"/>
      <description value="An instance of Functional Performance Collection"/>
      <exampleCanonical value="http://hl7.org/fhir/us/pacio-fp/StructureDefinition/fp-collection"/>
    </resource>
    <resource>
      <extension url="http://hl7.org/fhir/tools/StructureDefinition/resource-information">
        <valueString value="Observation"/>
      </extension>
      <reference>
        <reference value="Observation/FPIG-FSC-Hospital-Discharge-Mobility-1-Ob-Question-10"/>
      </reference>
      <name value="FPIG-FSC-Hospital-Discharge-Mobility-1-Ob-Question-10"/>
      <description value="An instance of Functional Performance Observation"/>
      <exampleCanonical value="http://hl7.org/fhir/us/pacio-fp/StructureDefinition/fp-observation"/>
    </resource>
    <resource>
      <extension url="http://hl7.org/fhir/tools/StructureDefinition/resource-information">
        <valueString value="Observation"/>
      </extension>
      <reference>
        <reference value="Observation/FPIG-FSC-Hospital-Discharge-Mobility-1-Ob-Question-12"/>
      </reference>
      <name value="FPIG-FSC-Hospital-Discharge-Mobility-1-Ob-Question-12"/>
      <description value="An instance of Functional Performance Observation"/>
      <exampleCanonical value="http://hl7.org/fhir/us/pacio-fp/StructureDefinition/fp-observation"/>
    </resource>
    <resource>
      <extension url="http://hl7.org/fhir/tools/StructureDefinition/resource-information">
        <valueString value="Observation"/>
      </extension>
      <reference>
        <reference value="Observation/FPIG-FSC-Hospital-Discharge-Mobility-1-Ob-Question-14"/>
      </reference>
      <name value="FPIG-FSC-Hospital-Discharge-Mobility-1-Ob-Question-14"/>
      <description value="An instance of Functional Performance Observation"/>
      <exampleCanonical value="http://hl7.org/fhir/us/pacio-fp/StructureDefinition/fp-observation"/>
    </resource>
    <resource>
      <extension url="http://hl7.org/fhir/tools/StructureDefinition/resource-information">
        <valueString value="Observation"/>
      </extension>
      <reference>
        <reference value="Observation/FPIG-FSC-Hospital-Discharge-Mobility-1-Ob-Question-16"/>
      </reference>
      <name value="FPIG-FSC-Hospital-Discharge-Mobility-1-Ob-Question-16"/>
      <description value="An instance of Functional Performance Observation"/>
      <exampleCanonical value="http://hl7.org/fhir/us/pacio-fp/StructureDefinition/fp-observation"/>
    </resource>
    <resource>
      <extension url="http://hl7.org/fhir/tools/StructureDefinition/resource-information">
        <valueString value="Observation"/>
      </extension>
      <reference>
        <reference value="Observation/FPIG-FSC-Hospital-Discharge-Mobility-1-Ob-Question-18"/>
      </reference>
      <name value="FPIG-FSC-Hospital-Discharge-Mobility-1-Ob-Question-18"/>
      <description value="An instance of Functional Performance Observation"/>
      <exampleCanonical value="http://hl7.org/fhir/us/pacio-fp/StructureDefinition/fp-observation"/>
    </resource>
    <resource>
      <extension url="http://hl7.org/fhir/tools/StructureDefinition/resource-information">
        <valueString value="Observation"/>
      </extension>
      <reference>
        <reference value="Observation/FPIG-FSC-Hospital-Discharge-Mobility-1-Ob-Question-2"/>
      </reference>
      <name value="FPIG-FSC-Hospital-Discharge-Mobility-1-Ob-Question-2"/>
      <description value="An instance of Functional Performance Observation"/>
      <exampleCanonical value="http://hl7.org/fhir/us/pacio-fp/StructureDefinition/fp-observation"/>
    </resource>
    <resource>
      <extension url="http://hl7.org/fhir/tools/StructureDefinition/resource-information">
        <valueString value="Observation"/>
      </extension>
      <reference>
        <reference value="Observation/FPIG-FSC-Hospital-Discharge-Mobility-1-Ob-Question-20"/>
      </reference>
      <name value="FPIG-FSC-Hospital-Discharge-Mobility-1-Ob-Question-20"/>
      <description value="An instance of Functional Performance Observation"/>
      <exampleCanonical value="http://hl7.org/fhir/us/pacio-fp/StructureDefinition/fp-observation"/>
    </resource>
    <resource>
      <extension url="http://hl7.org/fhir/tools/StructureDefinition/resource-information">
        <valueString value="Observation"/>
      </extension>
      <reference>
        <reference value="Observation/FPIG-FSC-Hospital-Discharge-Mobility-1-Ob-Question-22"/>
      </reference>
      <name value="FPIG-FSC-Hospital-Discharge-Mobility-1-Ob-Question-22"/>
      <description value="An instance of Functional Performance Observation"/>
      <exampleCanonical value="http://hl7.org/fhir/us/pacio-fp/StructureDefinition/fp-observation"/>
    </resource>
    <resource>
      <extension url="http://hl7.org/fhir/tools/StructureDefinition/resource-information">
        <valueString value="Observation"/>
      </extension>
      <reference>
        <reference value="Observation/FPIG-FSC-Hospital-Discharge-Mobility-1-Ob-Question-24"/>
      </reference>
      <name value="FPIG-FSC-Hospital-Discharge-Mobility-1-Ob-Question-24"/>
      <description value="An instance of Functional Performance Observation"/>
      <exampleCanonical value="http://hl7.org/fhir/us/pacio-fp/StructureDefinition/fp-observation"/>
    </resource>
    <resource>
      <extension url="http://hl7.org/fhir/tools/StructureDefinition/resource-information">
        <valueString value="Observation"/>
      </extension>
      <reference>
        <reference value="Observation/FPIG-FSC-Hospital-Discharge-Mobility-1-Ob-Question-26"/>
      </reference>
      <name value="FPIG-FSC-Hospital-Discharge-Mobility-1-Ob-Question-26"/>
      <description value="An instance of Functional Performance Observation"/>
      <exampleCanonical value="http://hl7.org/fhir/us/pacio-fp/StructureDefinition/fp-observation"/>
    </resource>
    <resource>
      <extension url="http://hl7.org/fhir/tools/StructureDefinition/resource-information">
        <valueString value="Observation"/>
      </extension>
      <reference>
        <reference value="Observation/FPIG-FSC-Hospital-Discharge-Mobility-1-Ob-Question-28"/>
      </reference>
      <name value="FPIG-FSC-Hospital-Discharge-Mobility-1-Ob-Question-28"/>
      <description value="An instance of Functional Performance Observation"/>
      <exampleCanonical value="http://hl7.org/fhir/us/pacio-fp/StructureDefinition/fp-observation"/>
    </resource>
    <resource>
      <extension url="http://hl7.org/fhir/tools/StructureDefinition/resource-information">
        <valueString value="Observation"/>
      </extension>
      <reference>
        <reference value="Observation/FPIG-FSC-Hospital-Discharge-Mobility-1-Ob-Question-30"/>
      </reference>
      <name value="FPIG-FSC-Hospital-Discharge-Mobility-1-Ob-Question-30"/>
      <description value="An instance of Functional Performance Observation"/>
      <exampleCanonical value="http://hl7.org/fhir/us/pacio-fp/StructureDefinition/fp-observation"/>
    </resource>
    <resource>
      <extension url="http://hl7.org/fhir/tools/StructureDefinition/resource-information">
        <valueString value="Observation"/>
      </extension>
      <reference>
        <reference value="Observation/FPIG-FSC-Hospital-Discharge-Mobility-1-Ob-Question-32"/>
      </reference>
      <name value="FPIG-FSC-Hospital-Discharge-Mobility-1-Ob-Question-32"/>
      <description value="An instance of Functional Performance Observation"/>
      <exampleCanonical value="http://hl7.org/fhir/us/pacio-fp/StructureDefinition/fp-observation"/>
    </resource>
    <resource>
      <extension url="http://hl7.org/fhir/tools/StructureDefinition/resource-information">
        <valueString value="Observation"/>
      </extension>
      <reference>
        <reference value="Observation/FPIG-FSC-Hospital-Discharge-Mobility-1-Ob-Question-34"/>
      </reference>
      <name value="FPIG-FSC-Hospital-Discharge-Mobility-1-Ob-Question-34"/>
      <description value="An instance of Functional Performance Observation"/>
      <exampleCanonical value="http://hl7.org/fhir/us/pacio-fp/StructureDefinition/fp-observation"/>
    </resource>
    <resource>
      <extension url="http://hl7.org/fhir/tools/StructureDefinition/resource-information">
        <valueString value="Observation"/>
      </extension>
      <reference>
        <reference value="Observation/FPIG-FSC-Hospital-Discharge-Mobility-1-Ob-Question-4"/>
      </reference>
      <name value="FPIG-FSC-Hospital-Discharge-Mobility-1-Ob-Question-4"/>
      <description value="An instance of Functional Performance Observation"/>
      <exampleCanonical value="http://hl7.org/fhir/us/pacio-fp/StructureDefinition/fp-observation"/>
    </resource>
    <resource>
      <extension url="http://hl7.org/fhir/tools/StructureDefinition/resource-information">
        <valueString value="Observation"/>
      </extension>
      <reference>
        <reference value="Observation/FPIG-FSC-Hospital-Discharge-Mobility-1-Ob-Question-6"/>
      </reference>
      <name value="FPIG-FSC-Hospital-Discharge-Mobility-1-Ob-Question-6"/>
      <description value="An instance of Functional Performance Observation"/>
      <exampleCanonical value="http://hl7.org/fhir/us/pacio-fp/StructureDefinition/fp-observation"/>
    </resource>
    <resource>
      <extension url="http://hl7.org/fhir/tools/StructureDefinition/resource-information">
        <valueString value="Observation"/>
      </extension>
      <reference>
        <reference value="Observation/FPIG-FSC-Hospital-Discharge-Mobility-1-Ob-Question-8"/>
      </reference>
      <name value="FPIG-FSC-Hospital-Discharge-Mobility-1-Ob-Question-8"/>
      <description value="An instance of Functional Performance Observation"/>
      <exampleCanonical value="http://hl7.org/fhir/us/pacio-fp/StructureDefinition/fp-observation"/>
    </resource>
    <resource>
      <extension url="http://hl7.org/fhir/tools/StructureDefinition/resource-information">
        <valueString value="DeviceUseStatement"/>
      </extension>
      <reference>
        <reference value="DeviceUseStatement/FPIG-FSC-Hospital-Discharge-Mobility-1-UseOfDevice-1"/>
      </reference>
      <name value="FPIG-FSC-Hospital-Discharge-Mobility-1-UseOfDevice-1"/>
      <description value="An instance of FunctionalPerformanceUseOfDevice"/>
      <exampleCanonical value="http://hl7.org/fhir/us/pacio-fp/StructureDefinition/fp-use-of-device"/>
    </resource>
    <resource>
      <extension url="http://hl7.org/fhir/tools/StructureDefinition/resource-information">
        <valueString value="DeviceUseStatement"/>
      </extension>
      <reference>
        <reference value="DeviceUseStatement/FPIG-FSC-Hospital-Discharge-Mobility-1-UseOfDevice-2"/>
      </reference>
      <name value="FPIG-FSC-Hospital-Discharge-Mobility-1-UseOfDevice-2"/>
      <description value="An instance of FunctionalPerformanceUseOfDevice"/>
      <exampleCanonical value="http://hl7.org/fhir/us/pacio-fp/StructureDefinition/fp-use-of-device"/>
    </resource>
    <resource>
      <extension url="http://hl7.org/fhir/tools/StructureDefinition/resource-information">
        <valueString value="DeviceUseStatement"/>
      </extension>
      <reference>
        <reference value="DeviceUseStatement/FPIG-FSC-Hospital-Discharge-Mobility-1-UseOfDevice-3"/>
      </reference>
      <name value="FPIG-FSC-Hospital-Discharge-Mobility-1-UseOfDevice-3"/>
      <description value="An instance of FunctionalPerformanceUseOfDevice"/>
      <exampleCanonical value="http://hl7.org/fhir/us/pacio-fp/StructureDefinition/fp-use-of-device"/>
    </resource>
    <resource>
      <extension url="http://hl7.org/fhir/tools/StructureDefinition/resource-information">
        <valueString value="DeviceUseStatement"/>
      </extension>
      <reference>
        <reference value="DeviceUseStatement/FPIG-FSC-Hospital-Discharge-Mobility-1-UseOfDevice-4"/>
      </reference>
      <name value="FPIG-FSC-Hospital-Discharge-Mobility-1-UseOfDevice-4"/>
      <description value="An instance of FunctionalPerformanceUseOfDevice"/>
      <exampleCanonical value="http://hl7.org/fhir/us/pacio-fp/StructureDefinition/fp-use-of-device"/>
    </resource>
    <resource>
      <extension url="http://hl7.org/fhir/tools/StructureDefinition/resource-information">
        <valueString value="DeviceUseStatement"/>
      </extension>
      <reference>
        <reference value="DeviceUseStatement/FPIG-FSC-Hospital-Discharge-Mobility-1-UseOfDevice-5"/>
      </reference>
      <name value="FPIG-FSC-Hospital-Discharge-Mobility-1-UseOfDevice-5"/>
      <description value="An instance of FunctionalPerformanceUseOfDevice"/>
      <exampleCanonical value="http://hl7.org/fhir/us/pacio-fp/StructureDefinition/fp-use-of-device"/>
    </resource>
    <resource>
      <extension url="http://hl7.org/fhir/tools/StructureDefinition/resource-information">
        <valueString value="Observation"/>
      </extension>
      <reference>
        <reference value="Observation/FPIG-FSC-SNF-Admission-Mobility-SelfCare-1"/>
      </reference>
      <name value="FPIG-FSC-SNF-Admission-Mobility-SelfCare-1"/>
      <description value="An instance of Functional Performance Collection"/>
      <exampleCanonical value="http://hl7.org/fhir/us/pacio-fp/StructureDefinition/fp-collection"/>
    </resource>
    <resource>
      <extension url="http://hl7.org/fhir/tools/StructureDefinition/resource-information">
        <valueString value="Observation"/>
      </extension>
      <reference>
        <reference value="Observation/FPIG-FSC-SNF-Admission-Mobility-SelfCare-1-Ob-Question-11"/>
      </reference>
      <name value="FPIG-FSC-SNF-Admission-Mobility-SelfCare-1-Ob-Question-11"/>
      <description value="An instance of Functional Performance Observation"/>
      <exampleCanonical value="http://hl7.org/fhir/us/pacio-fp/StructureDefinition/fp-observation"/>
    </resource>
    <resource>
      <extension url="http://hl7.org/fhir/tools/StructureDefinition/resource-information">
        <valueString value="Observation"/>
      </extension>
      <reference>
        <reference value="Observation/FPIG-FSC-SNF-Admission-Mobility-SelfCare-1-Ob-Question-15"/>
      </reference>
      <name value="FPIG-FSC-SNF-Admission-Mobility-SelfCare-1-Ob-Question-15"/>
      <description value="An instance of Functional Performance Observation"/>
      <exampleCanonical value="http://hl7.org/fhir/us/pacio-fp/StructureDefinition/fp-observation"/>
    </resource>
    <resource>
      <extension url="http://hl7.org/fhir/tools/StructureDefinition/resource-information">
        <valueString value="Observation"/>
      </extension>
      <reference>
        <reference value="Observation/FPIG-FSC-SNF-Admission-Mobility-SelfCare-1-Ob-Question-19"/>
      </reference>
      <name value="FPIG-FSC-SNF-Admission-Mobility-SelfCare-1-Ob-Question-19"/>
      <description value="An instance of Functional Performance Observation"/>
      <exampleCanonical value="http://hl7.org/fhir/us/pacio-fp/StructureDefinition/fp-observation"/>
    </resource>
    <resource>
      <extension url="http://hl7.org/fhir/tools/StructureDefinition/resource-information">
        <valueString value="Observation"/>
      </extension>
      <reference>
        <reference value="Observation/FPIG-FSC-SNF-Admission-Mobility-SelfCare-1-Ob-Question-23"/>
      </reference>
      <name value="FPIG-FSC-SNF-Admission-Mobility-SelfCare-1-Ob-Question-23"/>
      <description value="An instance of Functional Performance Observation"/>
      <exampleCanonical value="http://hl7.org/fhir/us/pacio-fp/StructureDefinition/fp-observation"/>
    </resource>
    <resource>
      <extension url="http://hl7.org/fhir/tools/StructureDefinition/resource-information">
        <valueString value="Observation"/>
      </extension>
      <reference>
        <reference value="Observation/FPIG-FSC-SNF-Admission-Mobility-SelfCare-1-Ob-Question-27"/>
      </reference>
      <name value="FPIG-FSC-SNF-Admission-Mobility-SelfCare-1-Ob-Question-27"/>
      <description value="An instance of Functional Performance Observation"/>
      <exampleCanonical value="http://hl7.org/fhir/us/pacio-fp/StructureDefinition/fp-observation"/>
    </resource>
    <resource>
      <extension url="http://hl7.org/fhir/tools/StructureDefinition/resource-information">
        <valueString value="Observation"/>
      </extension>
      <reference>
        <reference value="Observation/FPIG-FSC-SNF-Admission-Mobility-SelfCare-1-Ob-Question-3"/>
      </reference>
      <name value="FPIG-FSC-SNF-Admission-Mobility-SelfCare-1-Ob-Question-3"/>
      <description value="An instance of Functional Performance Observation"/>
      <exampleCanonical value="http://hl7.org/fhir/us/pacio-fp/StructureDefinition/fp-observation"/>
    </resource>
    <resource>
      <extension url="http://hl7.org/fhir/tools/StructureDefinition/resource-information">
        <valueString value="Observation"/>
      </extension>
      <reference>
        <reference value="Observation/FPIG-FSC-SNF-Admission-Mobility-SelfCare-1-Ob-Question-7"/>
      </reference>
      <name value="FPIG-FSC-SNF-Admission-Mobility-SelfCare-1-Ob-Question-7"/>
      <description value="An instance of Functional Performance Observation"/>
      <exampleCanonical value="http://hl7.org/fhir/us/pacio-fp/StructureDefinition/fp-observation"/>
    </resource>
    <resource>
      <extension url="http://hl7.org/fhir/tools/StructureDefinition/resource-information">
        <valueString value="Observation"/>
      </extension>
      <reference>
        <reference value="Observation/FPIG-Narrative-History-Cognitive-Status-1"/>
      </reference>
      <name value="FPIG-Narrative-History-Cognitive-Status-1"/>
      <exampleCanonical value="http://hl7.org/fhir/us/pacio-fp/StructureDefinition/fp-narrative-history-of-status"/>
    </resource>
    <resource>
      <extension url="http://hl7.org/fhir/tools/StructureDefinition/resource-information">
        <valueString value="Observation"/>
      </extension>
      <reference>
        <reference value="Observation/FPIG-Narrative-History-Functional-Status-1"/>
      </reference>
      <name value="FPIG-Narrative-History-Functional-Status-1"/>
      <exampleCanonical value="http://hl7.org/fhir/us/pacio-fp/StructureDefinition/fp-narrative-history-of-status"/>
    </resource>
    <resource>
      <extension url="http://hl7.org/fhir/tools/StructureDefinition/resource-information">
        <valueString value="Organization"/>
      </extension>
      <reference>
        <reference value="Organization/FPIG-Org-01"/>
      </reference>
      <name value="FPIG-Org-01"/>
      <description value="An instance of Organization"/>
      <exampleBoolean value="true"/>
    </resource>
    <resource>
      <extension url="http://hl7.org/fhir/tools/StructureDefinition/resource-information">
        <valueString value="Organization"/>
      </extension>
      <reference>
        <reference value="Organization/FPIG-Org-02"/>
      </reference>
      <name value="FPIG-Org-02"/>
      <description value="An instance of Organization"/>
      <exampleBoolean value="true"/>
    </resource>
    <resource>
      <extension url="http://hl7.org/fhir/tools/StructureDefinition/resource-information">
        <valueString value="Organization"/>
      </extension>
      <reference>
        <reference value="Organization/FPIG-Org-03"/>
      </reference>
      <name value="FPIG-Org-03"/>
      <description value="An instance of Organization"/>
      <exampleBoolean value="true"/>
    </resource>
    <resource>
      <extension url="http://hl7.org/fhir/tools/StructureDefinition/resource-information">
        <valueString value="Location"/>
      </extension>
      <reference>
        <reference value="Location/FPIG-Org-Loc-01"/>
      </reference>
      <name value="FPIG-Org-Loc-01"/>
      <description value="An instance of Location"/>
      <exampleBoolean value="true"/>
    </resource>
    <resource>
      <extension url="http://hl7.org/fhir/tools/StructureDefinition/resource-information">
        <valueString value="Location"/>
      </extension>
      <reference>
        <reference value="Location/FPIG-Org-Loc-02"/>
      </reference>
      <name value="FPIG-Org-Loc-02"/>
      <description value="An instance of Location"/>
      <exampleBoolean value="true"/>
    </resource>
    <resource>
      <extension url="http://hl7.org/fhir/tools/StructureDefinition/resource-information">
        <valueString value="Location"/>
      </extension>
      <reference>
        <reference value="Location/FPIG-Org-Loc-03"/>
      </reference>
      <name value="FPIG-Org-Loc-03"/>
      <description value="An instance of Location"/>
      <exampleBoolean value="true"/>
    </resource>
    <resource>
      <extension url="http://hl7.org/fhir/tools/StructureDefinition/resource-information">
        <valueString value="Practitioner"/>
      </extension>
      <reference>
        <reference value="Practitioner/FPIG-Practitioner-DanielGranger"/>
      </reference>
      <name value="FPIG-Practitioner-DanielGranger"/>
      <description value="An instance of Practitioner"/>
      <exampleBoolean value="true"/>
    </resource>
    <resource>
      <extension url="http://hl7.org/fhir/tools/StructureDefinition/resource-information">
        <valueString value="Practitioner"/>
      </extension>
      <reference>
        <reference value="Practitioner/FPIG-Practitioner-HoneyJones"/>
      </reference>
      <name value="FPIG-Practitioner-HoneyJones"/>
      <description value="An instance of Practitioner"/>
      <exampleBoolean value="true"/>
    </resource>
    <resource>
      <extension url="http://hl7.org/fhir/tools/StructureDefinition/resource-information">
        <valueString value="Practitioner"/>
      </extension>
      <reference>
        <reference value="Practitioner/FPIG-Practitioner-JenCadbury"/>
      </reference>
      <name value="FPIG-Practitioner-JenCadbury"/>
      <description value="An instance of Practitioner"/>
      <exampleBoolean value="true"/>
    </resource>
    <resource>
      <extension url="http://hl7.org/fhir/tools/StructureDefinition/resource-information">
        <valueString value="Practitioner"/>
      </extension>
      <reference>
        <reference value="Practitioner/FPIG-Practitioner-JennyGlass"/>
      </reference>
      <name value="FPIG-Practitioner-JennyGlass"/>
      <description value="An instance of Practitioner"/>
      <exampleBoolean value="true"/>
    </resource>
    <resource>
      <extension url="http://hl7.org/fhir/tools/StructureDefinition/resource-information">
        <valueString value="Practitioner"/>
      </extension>
      <reference>
        <reference value="Practitioner/FPIG-Practitioner-JohnSmith"/>
      </reference>
      <name value="FPIG-Practitioner-JohnSmith"/>
      <description value="An instance of Practitioner"/>
      <exampleBoolean value="true"/>
    </resource>
    <resource>
      <extension url="http://hl7.org/fhir/tools/StructureDefinition/resource-information">
        <valueString value="Practitioner"/>
      </extension>
      <reference>
        <reference value="Practitioner/FPIG-Practitioner-LunaBaskins"/>
      </reference>
      <name value="FPIG-Practitioner-LunaBaskins"/>
      <description value="An instance of Practitioner"/>
      <exampleBoolean value="true"/>
    </resource>
    <resource>
      <extension url="http://hl7.org/fhir/tools/StructureDefinition/resource-information">
        <valueString value="Practitioner"/>
      </extension>
      <reference>
        <reference value="Practitioner/FPIG-Practitioner-NoraOlogist"/>
      </reference>
      <name value="FPIG-Practitioner-NoraOlogist"/>
      <description value="An instance of Practitioner"/>
      <exampleBoolean value="true"/>
    </resource>
    <resource>
      <extension url="http://hl7.org/fhir/tools/StructureDefinition/resource-information">
        <valueString value="Practitioner"/>
      </extension>
      <reference>
        <reference value="Practitioner/FPIG-Practitioner-RonMarble"/>
      </reference>
      <name value="FPIG-Practitioner-RonMarble"/>
      <description value="An instance of Practitioner"/>
      <exampleBoolean value="true"/>
    </resource>
    <resource>
      <extension url="http://hl7.org/fhir/tools/StructureDefinition/resource-information">
        <valueString value="Practitioner"/>
      </extension>
      <reference>
        <reference value="Practitioner/FPIG-Practitioner-SallySmith"/>
      </reference>
      <name value="FPIG-Practitioner-SallySmith"/>
      <description value="An instance of Practitioner"/>
      <exampleBoolean value="true"/>
    </resource>
    <resource>
      <extension url="http://hl7.org/fhir/tools/StructureDefinition/resource-information">
        <valueString value="Practitioner"/>
      </extension>
      <reference>
        <reference value="Practitioner/FPIG-Practitioner-ScottDumble"/>
      </reference>
      <name value="FPIG-Practitioner-ScottDumble"/>
      <description value="An instance of Practitioner"/>
      <exampleBoolean value="true"/>
    </resource>
    <resource>
      <extension url="http://hl7.org/fhir/tools/StructureDefinition/resource-information">
        <valueString value="QuestionnaireResponse"/>
      </extension>
      <reference>
        <reference value="QuestionnaireResponse/FPIG-QResponse-Hospital-Admission-Mobility-1"/>
      </reference>
      <name value="FPIG-QResponse-Hospital-Admission-Mobility-1"/>
      <exampleBoolean value="true"/>
    </resource>
    <resource>
      <extension url="http://hl7.org/fhir/tools/StructureDefinition/resource-information">
        <valueString value="QuestionnaireResponse"/>
      </extension>
      <reference>
        <reference value="QuestionnaireResponse/FPIG-QResponse-Hospital-Discharge-Mobility-1"/>
      </reference>
      <name value="FPIG-QResponse-Hospital-Discharge-Mobility-1"/>
      <exampleBoolean value="true"/>
    </resource>
    <resource>
      <extension url="http://hl7.org/fhir/tools/StructureDefinition/resource-information">
        <valueString value="QuestionnaireResponse"/>
      </extension>
      <reference>
        <reference value="QuestionnaireResponse/FPIG-QResponse-Hospital-MMSE-1"/>
      </reference>
      <name value="FPIG-QResponse-Hospital-MMSE-1"/>
      <exampleBoolean value="true"/>
    </resource>
    <resource>
      <extension url="http://hl7.org/fhir/tools/StructureDefinition/resource-information">
        <valueString value="QuestionnaireResponse"/>
      </extension>
      <reference>
        <reference value="QuestionnaireResponse/FPIG-QResponse-Hospital-MOCA-1"/>
      </reference>
      <name value="FPIG-QResponse-Hospital-MOCA-1"/>
      <exampleBoolean value="true"/>
    </resource>
    <resource>
      <extension url="http://hl7.org/fhir/tools/StructureDefinition/resource-information">
        <valueString value="QuestionnaireResponse"/>
      </extension>
      <reference>
        <reference value="QuestionnaireResponse/FPIG-QResponse-SNF-Admission-Mobility-SelfCare-1"/>
      </reference>
      <name value="FPIG-QResponse-SNF-Admission-Mobility-SelfCare-1"/>
      <exampleBoolean value="true"/>
    </resource>
    <resource>
      <extension url="http://hl7.org/fhir/tools/StructureDefinition/resource-information">
        <valueString value="QuestionnaireResponse"/>
      </extension>
      <reference>
        <reference value="QuestionnaireResponse/FPIG-QResponse-SNF-BIMS-1"/>
      </reference>
      <name value="FPIG-QResponse-SNF-BIMS-1"/>
      <exampleBoolean value="true"/>
    </resource>
    <resource>
      <extension url="http://hl7.org/fhir/tools/StructureDefinition/resource-information">
        <valueString value="QuestionnaireResponse"/>
      </extension>
      <reference>
        <reference value="QuestionnaireResponse/FPIG-QResponse-SNF-CAM-Admission-1"/>
      </reference>
      <name value="FPIG-QResponse-SNF-CAM-Admission-1"/>
      <exampleBoolean value="true"/>
    </resource>
    <resource>
      <extension url="http://hl7.org/fhir/tools/StructureDefinition/resource-information">
        <valueString value="QuestionnaireResponse"/>
      </extension>
      <reference>
        <reference value="QuestionnaireResponse/FPIG-QResponse-SNF-PHQ9-1"/>
      </reference>
      <name value="FPIG-QResponse-SNF-PHQ9-1"/>
      <exampleBoolean value="true"/>
    </resource>
    <resource>
      <extension url="http://hl7.org/fhir/tools/StructureDefinition/resource-information">
        <valueString value="PractitionerRole"/>
      </extension>
      <reference>
        <reference value="PractitionerRole/FPIG-Role-OT-DanielGranger"/>
      </reference>
      <name value="FPIG-Role-OT-DanielGranger"/>
      <description value="An instance of PractitionerRole"/>
      <exampleBoolean value="true"/>
    </resource>
    <resource>
      <extension url="http://hl7.org/fhir/tools/StructureDefinition/resource-information">
        <valueString value="PractitionerRole"/>
      </extension>
      <reference>
        <reference value="PractitionerRole/FPIG-Role-OT-JenCadbury"/>
      </reference>
      <name value="FPIG-Role-OT-JenCadbury"/>
      <description value="An instance of PractitionerRole"/>
      <exampleBoolean value="true"/>
    </resource>
    <resource>
      <extension url="http://hl7.org/fhir/tools/StructureDefinition/resource-information">
        <valueString value="PractitionerRole"/>
      </extension>
      <reference>
        <reference value="PractitionerRole/FPIG-Role-PT-LunaBaskins"/>
      </reference>
      <name value="FPIG-Role-PT-LunaBaskins"/>
      <description value="An instance of PractitionerRole"/>
      <exampleBoolean value="true"/>
    </resource>
    <resource>
      <extension url="http://hl7.org/fhir/tools/StructureDefinition/resource-information">
        <valueString value="PractitionerRole"/>
      </extension>
      <reference>
        <reference value="PractitionerRole/FPIG-Role-PT-RonMarble"/>
      </reference>
      <name value="FPIG-Role-PT-RonMarble"/>
      <description value="An instance of PractitionerRole"/>
      <exampleBoolean value="true"/>
    </resource>
    <resource>
      <extension url="http://hl7.org/fhir/tools/StructureDefinition/resource-information">
        <valueString value="PractitionerRole"/>
      </extension>
      <reference>
        <reference value="PractitionerRole/FPIG-Role-PT-SallySmith"/>
      </reference>
      <name value="FPIG-Role-PT-SallySmith"/>
      <description value="An instance of PractitionerRole"/>
      <exampleBoolean value="true"/>
    </resource>
    <resource>
      <extension url="http://hl7.org/fhir/tools/StructureDefinition/resource-information">
        <valueString value="PractitionerRole"/>
      </extension>
      <reference>
        <reference value="PractitionerRole/FPIG-Role-PT-ScottDumble"/>
      </reference>
      <name value="FPIG-Role-PT-ScottDumble"/>
      <description value="An instance of PractitionerRole"/>
      <exampleBoolean value="true"/>
    </resource>
    <resource>
      <extension url="http://hl7.org/fhir/tools/StructureDefinition/resource-information">
        <valueString value="PractitionerRole"/>
      </extension>
      <reference>
        <reference value="PractitionerRole/FPIG-Role-SLP-HoneyJones"/>
      </reference>
      <name value="FPIG-Role-SLP-HoneyJones"/>
      <description value="An instance of PractitionerRole"/>
      <exampleBoolean value="true"/>
    </resource>
    <resource>
      <extension url="http://hl7.org/fhir/tools/StructureDefinition/resource-information">
        <valueString value="PractitionerRole"/>
      </extension>
      <reference>
        <reference value="PractitionerRole/FPIG-Role-SLP-JennyGlass"/>
      </reference>
      <name value="FPIG-Role-SLP-JennyGlass"/>
      <description value="An instance of PractitionerRole"/>
      <exampleBoolean value="true"/>
    </resource>
    <resource>
      <extension url="http://hl7.org/fhir/tools/StructureDefinition/resource-information">
        <valueString value="PractitionerRole"/>
      </extension>
      <reference>
        <reference value="PractitionerRole/FPIG-Role-SLP-LunaBaskins"/>
      </reference>
      <name value="FPIG-Role-SLP-LunaBaskins"/>
      <description value="An instance of PractitionerRole"/>
      <exampleBoolean value="true"/>
    </resource>
    <resource>
      <extension url="http://hl7.org/fhir/tools/StructureDefinition/resource-information">
        <valueString value="Patient"/>
      </extension>
      <reference>
        <reference value="Patient/FPIG-patientBSJ1"/>
      </reference>
      <name value="FPIG-patientBSJ1"/>
      <description value="An instance of USCorePatientProfile"/>
      <exampleBoolean value="true"/>
    </resource>
    <resource>
      <extension url="http://hl7.org/fhir/tools/StructureDefinition/resource-information">
        <valueString value="Organization"/>
      </extension>
      <reference>
        <reference value="Organization/FPIG-provider-org-01"/>
      </reference>
      <name value="FPIG-provider-org-01"/>
      <description value="An instance of Organization"/>
      <exampleBoolean value="true"/>
    </resource>
    <resource>
      <extension url="http://hl7.org/fhir/tools/StructureDefinition/resource-information">
        <valueString value="Organization"/>
      </extension>
      <reference>
        <reference value="Organization/FPIG-provider-org-16"/>
      </reference>
      <name value="FPIG-provider-org-16"/>
      <description value="An instance of Organization"/>
      <exampleBoolean value="true"/>
    </resource>
    <resource>
      <extension url="http://hl7.org/fhir/tools/StructureDefinition/resource-information">
        <valueString value="Location"/>
      </extension>
      <reference>
        <reference value="Location/FPIG-provider-org-loc-01"/>
      </reference>
      <name value="FPIG-provider-org-loc-01"/>
      <description value="An instance of Location"/>
      <exampleBoolean value="true"/>
    </resource>
    <resource>
      <extension url="http://hl7.org/fhir/tools/StructureDefinition/resource-information">
        <valueString value="Location"/>
      </extension>
      <reference>
        <reference value="Location/FPIG-provider-org-loc-16"/>
      </reference>
      <name value="FPIG-provider-org-loc-16"/>
      <description value="An instance of Location"/>
      <exampleBoolean value="true"/>
    </resource>
    <resource>
      <extension url="http://hl7.org/fhir/tools/StructureDefinition/resource-information">
        <valueString value="PractitionerRole"/>
      </extension>
      <reference>
        <reference value="PractitionerRole/FPIG-provider-role-neurologist"/>
      </reference>
      <name value="FPIG-provider-role-neurologist"/>
      <description value="An instance of PractitionerRole"/>
      <exampleBoolean value="true"/>
    </resource>
    <resource>
      <extension url="http://hl7.org/fhir/tools/StructureDefinition/resource-information">
        <valueString value="PractitionerRole"/>
      </extension>
      <reference>
        <reference value="PractitionerRole/FPIG-provider-role-pcp"/>
      </reference>
      <name value="FPIG-provider-role-pcp"/>
      <description value="An instance of PractitionerRole"/>
      <exampleBoolean value="true"/>
    </resource>
    <resource>
      <extension url="http://hl7.org/fhir/tools/StructureDefinition/resource-information">
        <valueString value="CapabilityStatement"/>
      </extension>
      <reference>
        <reference value="CapabilityStatement/CapabilityStatement-pacio-fp-cap"/>
      </reference>
      <name value="PACIO Functional Performance Capability Statement"/>
      <description value="This Capability Statement defines the expected capabilities of a PACIO Functional Performance FHIR server conforming to the PACIO Functional Performance Implementation Guide."/>
      <exampleBoolean value="false"/>
    </resource>
    <page>
      <nameUrl value="toc.html"/>
      <title value="Table of Contents"/>
      <generation value="html"/>
      <page>
        <nameUrl value="index.html"/>
        <title value="Home"/>
        <generation value="markdown"/>
      </page>
      <page>
        <nameUrl value="functional_performance_use_case.html"/>
        <title value="Functional Performance Use Case"/>
        <generation value="markdown"/>
      </page>
      <page>
        <nameUrl value="profile_highlights_and_guidance.html"/>
        <title value="Profile Highlights and Guidance"/>
        <generation value="markdown"/>
      </page>
      <page>
        <nameUrl value="representative_assessments.html"/>
        <title value="Representative Assessments"/>
        <generation value="markdown"/>
      </page>
      <page>
        <nameUrl value="security_and_data_sharing.html"/>
        <title value="Security and Data Sharing"/>
        <generation value="markdown"/>
      </page>
      <page>
        <nameUrl value="underlying_technologies.html"/>
        <title value="Underlying Technologies"/>
        <generation value="markdown"/>
      </page>
    </page>
    <parameter>
      <code value="path-resource"/>
      <value value="input/capabilities"/>
    </parameter>
    <parameter>
      <code value="path-resource"/>
      <value value="input/examples"/>
    </parameter>
    <parameter>
      <code value="path-resource"/>
      <value value="input/extensions"/>
    </parameter>
    <parameter>
      <code value="path-resource"/>
      <value value="input/models"/>
    </parameter>
    <parameter>
      <code value="path-resource"/>
      <value value="input/operations"/>
    </parameter>
    <parameter>
      <code value="path-resource"/>
      <value value="input/profiles"/>
    </parameter>
    <parameter>
      <code value="path-resource"/>
      <value value="input/resources"/>
    </parameter>
    <parameter>
      <code value="path-resource"/>
      <value value="input/vocabulary"/>
    </parameter>
    <parameter>
      <code value="path-resource"/>
      <value value="input/maps"/>
    </parameter>
    <parameter>
      <code value="path-resource"/>
      <value value="input/testing"/>
    </parameter>
    <parameter>
      <code value="path-resource"/>
      <value value="input/history"/>
    </parameter>
    <parameter>
      <code value="path-resource"/>
      <value value="fsh-generated/resources"/>
    </parameter>
    <parameter>
      <code value="path-pages"/>
      <value value="template/config"/>
    </parameter>
    <parameter>
      <code value="path-pages"/>
      <value value="input/images"/>
    </parameter>
    <parameter>
      <code value="path-tx-cache"/>
      <value value="input-cache/txcache"/>
    </parameter>
  </definition>
</ImplementationGuide>