<?xml version="1.0" encoding="UTF-8"?>

<Observation xmlns="http://hl7.org/fhir">
  <id value="FPIG-CSC-SNF-PHQ9-1-Ob-Question-20"/>
  <meta>
    <profile value="http://hl7.org/fhir/us/pacio-fp/StructureDefinition/fp-observation"/>
  </meta>
  <text>
    <status value="extensions"/><div xmlns="http://www.w3.org/1999/xhtml"><p><b>Generated Narrative</b></p><div style="display: inline-block; background-color: #d9e0e7; padding: 6px; margin: 4px; border: 1px solid #8da1b4; border-radius: 5px; line-height: 60%"><p style="margin-bottom: 0px">Resource "FPIG-CSC-SNF-PHQ9-1-Ob-Question-20" </p><p style="margin-bottom: 0px">Profile: <a href="StructureDefinition-fp-observation.html">Functional Performance Observation</a></p></div><p><b>ObservationEventLocation</b>: <a href="Location-FPIG-Org-Loc-03.html">Location/FPIG-Org-Loc-03</a> "Sky Harbor Home Health Services"</p><p><b>status</b>: final</p><p><b>category</b>: Functioning <span style="background: LightGoldenRodYellow; margin: 4px; border: 1px solid khaki"> (<a href="CodeSystem-fp-functioning-cs.html">Functional Performance Functioning Category Code System</a>#functioning)</span>, Mental functions <span style="background: LightGoldenRodYellow; margin: 4px; border: 1px solid khaki"> (<a href="CodeSystem-fp-category-cs.html">Functional Performance Category</a>#mental-functions)</span>, Survey <span style="background: LightGoldenRodYellow; margin: 4px; border: 1px solid khaki"> (<a href="http://terminology.hl7.org/3.1.0/CodeSystem-observation-category.html">Observation Category Codes</a>#survey)</span></p><p><b>code</b>: Moving or speaking so slowly that other people could have noticed. Or the opposite - being so fidgety or restless that you have been moving around a lot more than usual in last 2 weeks.presence [Reported PHQ-9 CMS] <span style="background: LightGoldenRodYellow; margin: 4px; border: 1px solid khaki"> (<a href="https://loinc.org/">LOINC</a>#54650-7)</span></p><p><b>subject</b>: <a href="Patient-FPIG-patientBSJ1.html">Patient/FPIG-patientBSJ1</a> " SMITH-JOHNSON"</p><p><b>effective</b>: 2020-07-11 11:30:00-0500</p><p><b>performer</b>: <a href="PractitionerRole-FPIG-Role-SLP-LunaBaskins.html">PractitionerRole/FPIG-Role-SLP-LunaBaskins</a></p><p><b>value</b>: No <span style="background: LightGoldenRodYellow; margin: 4px; border: 1px solid khaki"> (<a href="https://loinc.org/">LOINC</a>#LA32-8)</span></p><p><b>derivedFrom</b>: <a href="QuestionnaireResponse-FPIG-QResponse-SNF-PHQ9-1.html">QuestionnaireResponse/FPIG-QResponse-SNF-PHQ9-1</a></p></div>
  </text>
  <extension url="http://hl7.org/fhir/us/pacio-fp/StructureDefinition/event-location">
    <valueReference>
      <reference value="Location/FPIG-Org-Loc-03"/>
    </valueReference>
  </extension>
  <status value="final"/>
  <category>
    <coding>
      <system value="http://hl7.org/fhir/us/pacio-fp/CodeSystem/fp-functioning-cs"/>
      <code value="functioning"/>
      <display value="Functioning"/>
    </coding>
  </category>
  <category>
    <coding>
      <system value="http://hl7.org/fhir/us/pacio-fp/CodeSystem/fp-category-cs"/>
      <code value="mental-functions"/>
      <display value="Mental functions"/>
    </coding>
  </category>
  <category>
    <coding>
      <system value="http://terminology.hl7.org/CodeSystem/observation-category"/>
      <code value="survey"/>
    </coding>
  </category>
  <code>
    <coding>
      <system value="http://loinc.org"/>
      <code value="54650-7"/>
      <display value="Moving or speaking so slowly that other people could have noticed. Or the opposite - being so fidgety or restless that you have been moving around a lot more than usual in last 2 weeks.presence [Reported PHQ-9 CMS]"/>
    </coding>
  </code>
  <subject>
    <reference value="Patient/FPIG-patientBSJ1"/>
  </subject>
  <effectiveDateTime value="2020-07-11T11:30:00-05:00"/>
  <performer>
    <reference value="PractitionerRole/FPIG-Role-SLP-LunaBaskins"/>
  </performer>
  <valueCodeableConcept>
    <coding>
      <system value="http://loinc.org"/>
      <code value="LA32-8"/>
      <display value="No"/>
    </coding>
  </valueCodeableConcept>
  <derivedFrom>
    <reference value="QuestionnaireResponse/FPIG-QResponse-SNF-PHQ9-1"/>
  </derivedFrom>
</Observation>