<?xml version="1.0" encoding="UTF-8"?>

<Observation xmlns="http://hl7.org/fhir">
  <id value="FPIG-FSC-Hospital-Admission-Mobility-1-Ob-Question-3"/>
  <meta>
    <profile value="http://hl7.org/fhir/us/pacio-fp/StructureDefinition/fp-observation"/>
  </meta>
  <text>
    <status value="extensions"/><div xmlns="http://www.w3.org/1999/xhtml"><p><b>Generated Narrative</b></p><div style="display: inline-block; background-color: #d9e0e7; padding: 6px; margin: 4px; border: 1px solid #8da1b4; border-radius: 5px; line-height: 60%"><p style="margin-bottom: 0px">Resource "FPIG-FSC-Hospital-Admission-Mobility-1-Ob-Question-3" </p><p style="margin-bottom: 0px">Profile: <a href="StructureDefinition-fp-observation.html">Functional Performance Observation</a></p></div><p><b>ObservationEventLocation</b>: <a href="Location-FPIG-Org-Loc-01.html">Location/FPIG-Org-Loc-01</a> "San Antonio General Hospital"</p><p><b>status</b>: final</p><p><b>category</b>: Functioning <span style="background: LightGoldenRodYellow; margin: 4px; border: 1px solid khaki"> (<a href="CodeSystem-fp-functioning-cs.html">Functional Performance Functioning Category Code System</a>#functioning)</span>, Mobility <span style="background: LightGoldenRodYellow; margin: 4px; border: 1px solid khaki"> (<a href="CodeSystem-fp-category-cs.html">Functional Performance Category</a>#mobility)</span>, Survey <span style="background: LightGoldenRodYellow; margin: 4px; border: 1px solid khaki"> (<a href="http://terminology.hl7.org/3.1.0/CodeSystem-observation-category.html">Observation Category Codes</a>#survey)</span></p><p><b>code</b>: Sit to lying - functional ability during 3 day assessment period [CMS Assessment] <span style="background: LightGoldenRodYellow; margin: 4px; border: 1px solid khaki"> (<a href="https://loinc.org/">LOINC</a>#83216-2)</span></p><p><b>subject</b>: <a href="Patient-FPIG-patientBSJ1.html">Patient/FPIG-patientBSJ1</a> " SMITH-JOHNSON"</p><p><b>effective</b>: 2020-07-08 04:00:00-0500</p><p><b>performer</b>: <a href="PractitionerRole-FPIG-Role-PT-SallySmith.html">PractitionerRole/FPIG-Role-PT-SallySmith</a></p><p><b>value</b>: Substantial/maximal assistance - Helper does more than half the effort. Helper lifts or holds trunk or limbs and provides more than half the effort. <span style="background: LightGoldenRodYellow; margin: 4px; border: 1px solid khaki"> (<a href="https://loinc.org/">LOINC</a>#LA11759-0)</span></p><p><b>derivedFrom</b>: <a href="QuestionnaireResponse-FPIG-QResponse-Hospital-Admission-Mobility-1.html">QuestionnaireResponse/FPIG-QResponse-Hospital-Admission-Mobility-1</a></p></div>
  </text>
  <extension url="http://hl7.org/fhir/us/pacio-fp/StructureDefinition/event-location">
    <valueReference>
      <reference value="Location/FPIG-Org-Loc-01"/>
    </valueReference>
  </extension>
  <status value="final"/>
  <category>
    <coding>
      <system value="http://hl7.org/fhir/us/pacio-fp/CodeSystem/fp-functioning-cs"/>
      <code value="functioning"/>
      <display value="Functioning"/>
    </coding>
  </category>
  <category>
    <coding>
      <system value="http://hl7.org/fhir/us/pacio-fp/CodeSystem/fp-category-cs"/>
      <code value="mobility"/>
      <display value="Mobility"/>
    </coding>
  </category>
  <category>
    <coding>
      <system value="http://terminology.hl7.org/CodeSystem/observation-category"/>
      <code value="survey"/>
    </coding>
  </category>
  <code>
    <coding>
      <system value="http://loinc.org"/>
      <code value="83216-2"/>
      <display value="Sit to lying - functional ability during 3 day assessment period [CMS Assessment]"/>
    </coding>
  </code>
  <subject>
    <reference value="Patient/FPIG-patientBSJ1"/>
  </subject>
  <effectiveDateTime value="2020-07-08T16:00:00-05:00"/>
  <performer>
    <reference value="PractitionerRole/FPIG-Role-PT-SallySmith"/>
  </performer>
  <valueCodeableConcept>
    <coding>
      <system value="http://loinc.org"/>
      <code value="LA11759-0"/>
      <display value="Substantial/maximal assistance - Helper does more than half the effort. Helper lifts or holds trunk or limbs and provides more than half the effort."/>
    </coding>
  </valueCodeableConcept>
  <derivedFrom>
    <reference value="QuestionnaireResponse/FPIG-QResponse-Hospital-Admission-Mobility-1"/>
  </derivedFrom>
</Observation>