<?xml version="1.0" encoding="UTF-8"?>

<PractitionerRole xmlns="http://hl7.org/fhir">
  <id value="FPIG-Role-PT-ScottDumble"/>
  <text>
    <status value="generated"/><div xmlns="http://www.w3.org/1999/xhtml"><p><b>Generated Narrative</b></p><div style="display: inline-block; background-color: #d9e0e7; padding: 6px; margin: 4px; border: 1px solid #8da1b4; border-radius: 5px; line-height: 60%"><p style="margin-bottom: 0px">Resource "FPIG-Role-PT-ScottDumble" </p></div><p><b>active</b>: true</p><p><b>practitioner</b>: <a href="Practitioner-FPIG-Practitioner-ScottDumble.html">Practitioner/FPIG-Practitioner-ScottDumble</a> " DUMBLE"</p><p><b>organization</b>: <a href="Organization-FPIG-Org-03.html">Organization/FPIG-Org-03</a> "Sky Harbor Home Health Services"</p><p><b>code</b>: Physiotherapist <span style="background: LightGoldenRodYellow; margin: 4px; border: 1px solid khaki"> (<a href="https://browser.ihtsdotools.org/">SNOMED CT</a>#36682004)</span></p><p><b>location</b>: <a href="Location-FPIG-Org-Loc-03.html">Location/FPIG-Org-Loc-03</a> "Sky Harbor Home Health Services"</p></div>
  </text>
  <active value="true"/>
  <practitioner>
    <reference value="Practitioner/FPIG-Practitioner-ScottDumble"/>
  </practitioner>
  <organization>
    <reference value="Organization/FPIG-Org-03"/>
  </organization>
  <code>
    <coding>
      <system value="http://snomed.info/sct"/>
      <code value="36682004"/>
      <display value="Physiotherapist"/>
    </coding>
  </code>
  <location>
    <reference value="Location/FPIG-Org-Loc-03"/>
  </location>
</PractitionerRole>