<?xml version="1.0" encoding="UTF-8"?>

<Practitioner xmlns="http://hl7.org/fhir">
  <id value="FPIG-Practitioner-JohnSmith"/>
  <text>
    <status value="generated"/><div xmlns="http://www.w3.org/1999/xhtml"><p><b>Generated Narrative</b></p><div style="display: inline-block; background-color: #d9e0e7; padding: 6px; margin: 4px; border: 1px solid #8da1b4; border-radius: 5px; line-height: 60%"><p style="margin-bottom: 0px">Resource "FPIG-Practitioner-JohnSmith" </p></div><p><b>active</b>: true</p><p><b>name</b>: John Smith</p><p><b>telecom</b>: ph: -unknown-</p><p><b>gender</b>: male</p></div>
  </text>
  <active value="true"/>
  <name>
    <text value="John Smith"/>
    <family value="Smith"/>
    <given value="John"/>
  </name>
  <telecom>
    <system value="phone"/>
  </telecom>
  <gender value="male"/>
</Practitioner>