<?xml version="1.0" encoding="UTF-8"?>

<ValueSet xmlns="http://hl7.org/fhir">
  <id value="fp-loinc-snomed-vs"/>
  <text>
    <status value="generated"/><div xmlns="http://www.w3.org/1999/xhtml"><p>This value set includes codes based on the following rules:</p><ul><li>Include all codes defined in <a href="http://loinc.org"><code>http://loinc.org</code></a></li><li>Include all codes defined in <a href="http://www.snomed.org/"><code>http://snomed.info/sct</code></a></li></ul></div>
  </text>
  <url value="http://hl7.org/fhir/us/pacio-fp/ValueSet/fp-loinc-snomed-vs"/>
  <version value="1.0.0"/>
  <name value="FunctionalPerformanceLOINCSNOMEDVS"/>
  <title value="Functional Performance ValueSet LOINC SNOMED"/>
  <status value="active"/>
  <date value="2022-04-26T11:43:49-04:00"/>
  <publisher value="HL7 Patient Care Work Group"/>
  <contact>
    <name value="HL7 Patient Care Work Group"/>
    <telecom>
      <system value="url"/>
      <value value="http://www.hl7.org/Special/committees/patientcare"/>
    </telecom>
    <telecom>
      <system value="email"/>
      <value value="patientcare@lists.HL7.org"/>
    </telecom>
  </contact>
  <contact>
    <name value="PACIO project"/>
    <telecom>
      <system value="url"/>
      <value value="http://www.hl7.org/Special/committees/patientcare"/>
    </telecom>
    <telecom>
      <system value="email"/>
      <value value="info@pacioproject.org"/>
    </telecom>
  </contact>
  <description value="This value set contains all of LOINC and SNOMED CT."/>
  <jurisdiction>
    <coding>
      <system value="urn:iso:std:iso:3166"/>
      <code value="US"/>
    </coding>
  </jurisdiction>
  <compose>
    <include>
      <system value="http://loinc.org"/>
    </include>
    <include>
      <system value="http://snomed.info/sct"/>
    </include>
  </compose>
</ValueSet>