{"resourceType":"CapabilityStatement","id":"CapabilityStatement-pacio-fp-cap","text":{"status":"extensions","div":"<div xmlns=\"http://www.w3.org/1999/xhtml\"><h2>PACIO_Functional_Performance_CapabilityStatement</h2><div><p>This Capability Statement defines the expected capabilities of a PACIO Functional Performance FHIR server conforming to the PACIO Functional Performance Implementation Guide.</p>\n</div><table><tr><td>Mode</td><td>SERVER</td></tr><tr><td>Description</td><td/></tr><tr><td>Transaction</td><td></td></tr><tr><td>System History</td><td></td></tr><tr><td>System Search</td><td>y</td></tr></table><table><tr><th><b>Resource Type</b></th><th><b>Profile</b></th><th><b title=\"GET a resource (read interaction)\">Read</b></th><th><b title=\"GET past versions of resources (vread interaction)\">V-Read</b></th><th><b title=\"GET all set of resources of the type (search interaction)\">Search</b></th><th><b title=\"PUT a new resource version (update interaction)\">Update</b></th><th><b title=\"POST a new resource (create interaction)\">Create</b></th><th><b title=\"GET changes to a resource (history interaction on instance)\">Updates</b></th><th><b title=\"GET changes for all resources of the type (history interaction on type)\">History</b></th></tr><tr><td>Observation</td><td><a href=\"https://build.fhir.org/ig/HL7/fhir-pacio-fp/StructureDefinition-pacio-fp-observation.html\">https://build.fhir.org/ig/HL7/fhir-pacio-fp/StructureDefinition-pacio-fp-observation.html</a></td><td>y</td><td>y</td><td>y</td><td></td><td></td><td>y</td><td>y</td></tr><tr><td>QuestionnaireResponse</td><td><a href=\"https://build.fhir.org/ig/HL7/fhir-pacio-cognitive-status/StructureDefinition-pacio-cognition-qr.html\">https://build.fhir.org/ig/HL7/fhir-pacio-cognitive-status/StructureDefinition-pacio-cognition-qr.html</a></td><td>y</td><td>y</td><td>y</td><td></td><td></td><td>y</td><td>y</td></tr><tr><td>DeviceUseStatement</td><td><a href=\"https://build.fhir.org/ig/HL7/fhir-pacio-cognitive-status/StructureDefinition-pacio-fp-dev.html\">https://build.fhir.org/ig/HL7/fhir-pacio-cognitive-status/StructureDefinition-pacio-fp-dev.html</a></td><td>y</td><td>y</td><td>y</td><td></td><td></td><td>y</td><td>y</td></tr></table></div>"},"url":"https://build.fhir.org/ig/HL7/fhir-pacio-fp/CapabilityStatement-pacio-fp-cap.html","version":"1.0.0","name":"PACIO_Functional_Performance_CapabilityStatement","title":"PACIO Functional Performance Capability Statement","status":"draft","date":"2020-10-14T00:00:00+00:00","publisher":"HL7 Patient Care Work Group","contact":[{"name":"HL7 Patient Care Work Group","telecom":[{"system":"url","value":"http://www.hl7.org/Special/committees/patientcare"},{"system":"email","value":"patientcare@lists.HL7.org"}]},{"name":"PACIO project","telecom":[{"system":"url","value":"http://www.hl7.org/Special/committees/patientcare"},{"system":"email","value":"info@pacioproject.org"}]}],"description":"This Capability Statement defines the expected capabilities of a PACIO Functional Performance FHIR server conforming to the PACIO Functional Performance Implementation Guide.","jurisdiction":[{"coding":[{"system":"urn:iso:std:iso:3166","code":"US"}]}],"kind":"requirements","fhirVersion":"4.0.1","format":["xml","json"],"implementationGuide":["https://build.fhir.org/ig/HL7/fhir-pacio-fp"],"rest":[{"mode":"server","resource":[{"type":"Observation","profile":"https://build.fhir.org/ig/HL7/fhir-pacio-fp/StructureDefinition-pacio-fp-observation.html","interaction":[{"code":"read","documentation":"Implemented per the specification (or Insert other doco here)"},{"code":"vread","documentation":"Implemented per the specification (or Insert other doco here)"},{"code":"history-instance","documentation":"Implemented per the specification (or Insert other doco here)"},{"code":"history-type","documentation":"Implemented per the specification (or Insert other doco here)"},{"code":"search-type","documentation":"Implemented per the specification (or Insert other doco here)"}],"conditionalCreate":true,"conditionalUpdate":true,"conditionalDelete":"multiple","referencePolicy":["literal","logical"],"searchInclude":["Observation.subject","Observation.based-on","Observation.patient","Observation.specimen","Observation.context","Observation.performer","Observation.encounter","Observation.related-target","Observation.device"],"searchRevInclude":["ChargeItem.service","ClinicalImpression.finding-ref","ClinicalImpression.investigation","DiagnosticReport.result","Immunization.reaction","ImmunizationRecommendation.information","MedicationStatement.part-of","Observation.related-target","Procedure.part-of","QuestionnaireResponse.parent"],"searchParam":[{"name":"date","definition":"http://hl7.org/fhir/SearchParameter/clinical-date","type":"date","documentation":"Obtained date/time. If the obtained element is a period, a date that falls in the period"},{"name":"combo-data-absent-reason","definition":"http://hl7.org/fhir/SearchParameter/Observation-combo-data-absent-reason","type":"token","documentation":"The reason why the expected value in the element Observation.value[x] or Observation.component.value[x] is missing."},{"name":"code","definition":"http://hl7.org/fhir/SearchParameter/clinical-code","type":"token","documentation":"The code of the observation type"},{"name":"combo-code-value-quantity","definition":"http://hl7.org/fhir/SearchParameter/Observation-combo-code-value-quantity","type":"composite","documentation":"Code and quantity value parameter pair, including in components"},{"name":"subject","definition":"http://hl7.org/fhir/SearchParameter/Observation-subject","type":"reference","documentation":"The subject that the observation is about"},{"name":"component-data-absent-reason","definition":"http://hl7.org/fhir/SearchParameter/Observation-component-data-absent-reason","type":"token","documentation":"The reason why the expected value in the element Observation.component.value[x] is missing."},{"name":"value-concept","definition":"http://hl7.org/fhir/SearchParameter/Observation-value-concept","type":"token","documentation":"The value of the observation, if the value is a CodeableConcept"},{"name":"value-date","definition":"http://hl7.org/fhir/SearchParameter/Observation-value-date","type":"date","documentation":"The value of the observation, if the value is a date or period of time"},{"name":"code-value-string","definition":"http://hl7.org/fhir/SearchParameter/Observation-code-value-string","type":"composite","documentation":"Code and string value parameter pair"},{"name":"component-code-value-quantity","definition":"http://hl7.org/fhir/SearchParameter/Observation-component-code-value-quantity","type":"composite","documentation":"Component code and component quantity value parameter pair"},{"name":"based-on","definition":"http://hl7.org/fhir/SearchParameter/Observation-based-on","type":"reference","documentation":"Reference to the test or procedure request."},{"name":"code-value-date","definition":"http://hl7.org/fhir/SearchParameter/Observation-code-value-date","type":"composite","documentation":"Code and date/time value parameter pair"},{"name":"patient","definition":"http://hl7.org/fhir/SearchParameter/clinical-patient","type":"reference","documentation":"The subject that the observation is about (if patient)"},{"name":"specimen","definition":"http://hl7.org/fhir/SearchParameter/Observation-specimen","type":"reference","documentation":"Specimen used for this observation"},{"name":"component-code","definition":"http://hl7.org/fhir/SearchParameter/Observation-component-code","type":"token","documentation":"The component code of the observation type"},{"name":"code-value-quantity","definition":"http://hl7.org/fhir/SearchParameter/Observation-code-value-quantity","type":"composite","documentation":"Code and quantity value parameter pair"},{"name":"combo-code-value-concept","definition":"http://hl7.org/fhir/SearchParameter/Observation-combo-code-value-concept","type":"composite","documentation":"Code and coded value parameter pair, including in components"},{"name":"value-string","definition":"http://hl7.org/fhir/SearchParameter/Observation-value-string","type":"string","documentation":"The value of the observation, if the value is a string, and also searches in CodeableConcept.text"},{"name":"identifier","definition":"http://hl7.org/fhir/SearchParameter/clinical-identifier","type":"token","documentation":"The unique id for a particular observation"},{"name":"performer","definition":"http://hl7.org/fhir/SearchParameter/Observation-performer","type":"reference","documentation":"Who performed the observation"},{"name":"combo-code","definition":"http://hl7.org/fhir/SearchParameter/Observation-combo-code","type":"token","documentation":"The code of the observation type or component type"},{"name":"method","definition":"http://hl7.org/fhir/SearchParameter/Observation-method","type":"token","documentation":"The method used for the observation"},{"name":"value-quantity","definition":"http://hl7.org/fhir/SearchParameter/Observation-value-quantity","type":"quantity","documentation":"The value of the observation, if the value is a Quantity, or a SampledData (just search on the bounds of the values in sampled data)"},{"name":"component-value-quantity","definition":"http://hl7.org/fhir/SearchParameter/Observation-component-value-quantity","type":"quantity","documentation":"The value of the component observation, if the value is a Quantity, or a SampledData (just search on the bounds of the values in sampled data)"},{"name":"data-absent-reason","definition":"http://hl7.org/fhir/SearchParameter/Observation-data-absent-reason","type":"token","documentation":"The reason why the expected value in the element Observation.value[x] is missing."},{"name":"combo-value-quantity","definition":"http://hl7.org/fhir/SearchParameter/Observation-combo-value-quantity","type":"quantity","documentation":"The value or component value of the observation, if the value is a Quantity, or a SampledData (just search on the bounds of the values in sampled data)"},{"name":"encounter","definition":"http://hl7.org/fhir/SearchParameter/clinical-encounter","type":"reference","documentation":"Encounter related to the observation"},{"name":"code-value-concept","definition":"http://hl7.org/fhir/SearchParameter/Observation-code-value-concept","type":"composite","documentation":"Code and coded value parameter pair"},{"name":"component-code-value-concept","definition":"http://hl7.org/fhir/SearchParameter/Observation-component-code-value-concept","type":"composite","documentation":"Component code and component coded value parameter pair"},{"name":"component-value-concept","definition":"http://hl7.org/fhir/SearchParameter/Observation-component-value-concept","type":"token","documentation":"The value of the component observation, if the value is a CodeableConcept"},{"name":"category","definition":"http://hl7.org/fhir/SearchParameter/Observation-category","type":"token","documentation":"The classification of the type of observation"},{"name":"device","definition":"http://hl7.org/fhir/SearchParameter/Observation-device","type":"reference","documentation":"The Device that generated the observation data."},{"name":"combo-value-concept","definition":"http://hl7.org/fhir/SearchParameter/Observation-combo-value-concept","type":"token","documentation":"The value or component value of the observation, if the value is a CodeableConcept"},{"name":"status","definition":"http://hl7.org/fhir/SearchParameter/Observation-status","type":"token","documentation":"The status of the observation"}]},{"type":"QuestionnaireResponse","profile":"https://build.fhir.org/ig/HL7/fhir-pacio-cognitive-status/StructureDefinition-pacio-cognition-qr.html","interaction":[{"code":"read","documentation":"Implemented per the specification (or Insert other doco here)"},{"code":"vread","documentation":"Implemented per the specification (or Insert other doco here)"},{"code":"history-instance","documentation":"Implemented per the specification (or Insert other doco here)"},{"code":"history-type","documentation":"Implemented per the specification (or Insert other doco here)"},{"code":"search-type","documentation":"Implemented per the specification (or Insert other doco here)"}],"conditionalCreate":true,"conditionalUpdate":true,"conditionalDelete":"multiple","referencePolicy":["literal","logical"],"searchInclude":["CognitionQuestionnaireResponse.parent","CognitionQuestionnaireResponse.questionnaire","CognitionQuestionnaireResponse.based-on","CognitionQuestionnaireResponse.subject","CognitionQuestionnaireResponse.author","CognitionQuestionnaireResponse.patient","CognitionQuestionnaireResponse.context","CognitionQuestionnaireResponse.source"],"searchRevInclude":["ClinicalImpression.investigation","Consent.source","Observation.related-target"],"searchParam":[{"name":"authored","definition":"http://hl7.org/fhir/SearchParameter/QuestionnaireResponse-authored","type":"date","documentation":"When the questionnaire response was last changed"},{"name":"identifier","definition":"http://hl7.org/fhir/SearchParameter/QuestionnaireResponse-identifier","type":"token","documentation":"The unique identifier for the questionnaire response"},{"name":"questionnaire","definition":"http://hl7.org/fhir/SearchParameter/QuestionnaireResponse-questionnaire","type":"reference","documentation":"The questionnaire the answers are provided for"},{"name":"based-on","definition":"http://hl7.org/fhir/SearchParameter/QuestionnaireResponse-based-on","type":"reference","documentation":"Plan/proposal/order fulfilled by this questionnaire response"},{"name":"subject","definition":"http://hl7.org/fhir/SearchParameter/QuestionnaireResponse-subject","type":"reference","documentation":"The subject of the questionnaire response"},{"name":"author","definition":"http://hl7.org/fhir/SearchParameter/QuestionnaireResponse-author","type":"reference","documentation":"The author of the questionnaire response"},{"name":"patient","definition":"http://hl7.org/fhir/SearchParameter/QuestionnaireResponse-patient","type":"reference","documentation":"The patient that is the subject of the questionnaire response"},{"name":"source","definition":"http://hl7.org/fhir/SearchParameter/QuestionnaireResponse-source","type":"reference","documentation":"The individual providing the information reflected in the questionnaire respose"},{"name":"status","definition":"http://hl7.org/fhir/SearchParameter/QuestionnaireResponse-status","type":"token","documentation":"The status of the questionnaire response"}]},{"type":"DeviceUseStatement","profile":"https://build.fhir.org/ig/HL7/fhir-pacio-cognitive-status/StructureDefinition-pacio-fp-dev.html","interaction":[{"code":"read","documentation":"Implemented per the specification (or Insert other doco here)"},{"code":"vread","documentation":"Implemented per the specification (or Insert other doco here)"},{"code":"history-instance","documentation":"Implemented per the specification (or Insert other doco here)"},{"code":"history-type","documentation":"Implemented per the specification (or Insert other doco here)"},{"code":"search-type","documentation":"Implemented per the specification (or Insert other doco here)"}],"conditionalCreate":true,"conditionalUpdate":true,"conditionalDelete":"multiple","referencePolicy":["literal","logical"],"searchInclude":["DeviceUseStatement.subject","DeviceUseStatement.patient","DeviceUseStatement.device"],"searchParam":[{"name":"identifier","definition":"http://hl7.org/fhir/SearchParameter/DeviceUseStatement-identifier","type":"token","documentation":"Search by identifier"},{"name":"subject","definition":"http://hl7.org/fhir/SearchParameter/DeviceUseStatement-subject","type":"reference","documentation":"Search by subject"},{"name":"patient","definition":"http://hl7.org/fhir/SearchParameter/clinical-patient","type":"reference","documentation":"Search by subject - a patient"},{"name":"device","definition":"http://hl7.org/fhir/SearchParameter/DeviceUseStatement-device","type":"reference","documentation":"Search by device"}]}],"interaction":[{"extension":[{"url":"http://hl7.org/fhir/StructureDefinition/capabilitystatement-expectation","valueCode":"MAY"}],"code":"batch"},{"extension":[{"url":"http://hl7.org/fhir/StructureDefinition/capabilitystatement-expectation","valueCode":"MAY"}],"code":"search-system"}],"searchParam":[{"extension":[{"url":"http://hl7.org/fhir/StructureDefinition/capabilitystatement-expectation","valueCode":"MAY"}],"name":"_content","definition":"http://hl7.org/fhir/SearchParameter/Resource-content","type":"string"},{"extension":[{"url":"http://hl7.org/fhir/StructureDefinition/capabilitystatement-expectation","valueCode":"SHALL"}],"name":"_id","definition":"http://hl7.org/fhir/SearchParameter/Resource-id","type":"token"},{"extension":[{"url":"http://hl7.org/fhir/StructureDefinition/capabilitystatement-expectation","valueCode":"SHALL"}],"name":"_lastUpdated","definition":"http://hl7.org/fhir/SearchParameter/Resource-lastUpdated","type":"date"},{"extension":[{"url":"http://hl7.org/fhir/StructureDefinition/capabilitystatement-expectation","valueCode":"MAY"}],"name":"_security","definition":"http://hl7.org/fhir/SearchParameter/Resource-security","type":"token"},{"extension":[{"url":"http://hl7.org/fhir/StructureDefinition/capabilitystatement-expectation","valueCode":"MAY"}],"name":"_text","definition":"http://hl7.org/fhir/SearchParameter/DomainResource-text","type":"string"},{"extension":[{"url":"http://hl7.org/fhir/StructureDefinition/capabilitystatement-expectation","valueCode":"MAY"}],"name":"_query","definition":"http://hl7.org/fhir/SearchParameter/Resource-query","type":"token"}]}]}