{
  "resourceType": "Observation",
  "id": "FPIG-FSC-Hospital-Discharge-Mobility-1",
  "meta": {
    "profile": [
      "http://hl7.org/fhir/us/pacio-fp/StructureDefinition/fp-collection"
    ]
  },
  "text": {
    "status": "extensions",
    "div": "<div xmlns=\"http://www.w3.org/1999/xhtml\"><p><b>Generated Narrative</b></p><div style=\"display: inline-block; background-color: #d9e0e7; padding: 6px; margin: 4px; border: 1px solid #8da1b4; border-radius: 5px; line-height: 60%\"><p style=\"margin-bottom: 0px\">Resource \"FPIG-FSC-Hospital-Discharge-Mobility-1\" </p><p style=\"margin-bottom: 0px\">Profile: <a href=\"StructureDefinition-fp-collection.html\">Functional Performance Collection</a></p></div><p><b>ObservationEventLocation</b>: <a href=\"Location-FPIG-Org-Loc-01.html\">Location/FPIG-Org-Loc-01</a> \"San Antonio General Hospital\"</p><p><b>DevicePatientUsed</b>: <a href=\"DeviceUseStatement-FPIG-FSC-Hospital-Discharge-Mobility-1-UseOfDevice-1.html\">DeviceUseStatement/FPIG-FSC-Hospital-Discharge-Mobility-1-UseOfDevice-1</a></p><p><b>DevicePatientUsed</b>: <a href=\"DeviceUseStatement-FPIG-FSC-Hospital-Discharge-Mobility-1-UseOfDevice-2.html\">DeviceUseStatement/FPIG-FSC-Hospital-Discharge-Mobility-1-UseOfDevice-2</a></p><p><b>DevicePatientUsed</b>: <a href=\"DeviceUseStatement-FPIG-FSC-Hospital-Discharge-Mobility-1-UseOfDevice-3.html\">DeviceUseStatement/FPIG-FSC-Hospital-Discharge-Mobility-1-UseOfDevice-3</a></p><p><b>DevicePatientUsed</b>: <a href=\"DeviceUseStatement-FPIG-FSC-Hospital-Discharge-Mobility-1-UseOfDevice-4.html\">DeviceUseStatement/FPIG-FSC-Hospital-Discharge-Mobility-1-UseOfDevice-4</a></p><p><b>DevicePatientUsed</b>: <a href=\"DeviceUseStatement-FPIG-FSC-Hospital-Discharge-Mobility-1-UseOfDevice-5.html\">DeviceUseStatement/FPIG-FSC-Hospital-Discharge-Mobility-1-UseOfDevice-5</a></p><p><b>status</b>: final</p><p><b>category</b>: Functioning <span style=\"background: LightGoldenRodYellow; margin: 4px; border: 1px solid khaki\"> (<a href=\"CodeSystem-fp-functioning-cs.html\">Functional Performance Functioning Category Code System</a>#functioning)</span>, Survey <span style=\"background: LightGoldenRodYellow; margin: 4px; border: 1px solid khaki\"> (<a href=\"http://terminology.hl7.org/3.1.0/CodeSystem-observation-category.html\">Observation Category Codes</a>#survey)</span>, Mobility <span style=\"background: LightGoldenRodYellow; margin: 4px; border: 1px solid khaki\"> (<a href=\"CodeSystem-fp-category-cs.html\">Functional Performance Category</a>#mobility)</span></p><p><b>code</b>: Mobility - discharge performance during 3 day assessment period [CMS Assessment] <span style=\"background: LightGoldenRodYellow; margin: 4px; border: 1px solid khaki\"> (<a href=\"https://loinc.org/\">LOINC</a>#88331-4)</span></p><p><b>subject</b>: <a href=\"Patient-FPIG-patientBSJ1.html\">Patient/FPIG-patientBSJ1</a> \" SMITH-JOHNSON\"</p><p><b>effective</b>: 2020-07-10 02:34:00-0500</p><p><b>performer</b>: <a href=\"PractitionerRole-FPIG-Role-PT-RonMarble.html\">PractitionerRole/FPIG-Role-PT-RonMarble</a></p><p><b>hasMember</b>: </p><ul><li><a href=\"Observation-FPIG-FSC-Hospital-Discharge-Mobility-1-Ob-Question-2.html\">Observation/FPIG-FSC-Hospital-Discharge-Mobility-1-Ob-Question-2</a></li><li><a href=\"Observation-FPIG-FSC-Hospital-Discharge-Mobility-1-Ob-Question-4.html\">Observation/FPIG-FSC-Hospital-Discharge-Mobility-1-Ob-Question-4</a></li><li><a href=\"Observation-FPIG-FSC-Hospital-Discharge-Mobility-1-Ob-Question-6.html\">Observation/FPIG-FSC-Hospital-Discharge-Mobility-1-Ob-Question-6</a></li><li><a href=\"Observation-FPIG-FSC-Hospital-Discharge-Mobility-1-Ob-Question-8.html\">Observation/FPIG-FSC-Hospital-Discharge-Mobility-1-Ob-Question-8</a></li><li><a href=\"Observation-FPIG-FSC-Hospital-Discharge-Mobility-1-Ob-Question-10.html\">Observation/FPIG-FSC-Hospital-Discharge-Mobility-1-Ob-Question-10</a></li><li><a href=\"Observation-FPIG-FSC-Hospital-Discharge-Mobility-1-Ob-Question-12.html\">Observation/FPIG-FSC-Hospital-Discharge-Mobility-1-Ob-Question-12</a></li><li><a href=\"Observation-FPIG-FSC-Hospital-Discharge-Mobility-1-Ob-Question-14.html\">Observation/FPIG-FSC-Hospital-Discharge-Mobility-1-Ob-Question-14</a></li><li><a href=\"Observation-FPIG-FSC-Hospital-Discharge-Mobility-1-Ob-Question-16.html\">Observation/FPIG-FSC-Hospital-Discharge-Mobility-1-Ob-Question-16</a></li><li><a href=\"Observation-FPIG-FSC-Hospital-Discharge-Mobility-1-Ob-Question-18.html\">Observation/FPIG-FSC-Hospital-Discharge-Mobility-1-Ob-Question-18</a></li><li><a href=\"Observation-FPIG-FSC-Hospital-Discharge-Mobility-1-Ob-Question-20.html\">Observation/FPIG-FSC-Hospital-Discharge-Mobility-1-Ob-Question-20</a></li><li><a href=\"Observation-FPIG-FSC-Hospital-Discharge-Mobility-1-Ob-Question-22.html\">Observation/FPIG-FSC-Hospital-Discharge-Mobility-1-Ob-Question-22</a></li><li><a href=\"Observation-FPIG-FSC-Hospital-Discharge-Mobility-1-Ob-Question-24.html\">Observation/FPIG-FSC-Hospital-Discharge-Mobility-1-Ob-Question-24</a></li><li><a href=\"Observation-FPIG-FSC-Hospital-Discharge-Mobility-1-Ob-Question-26.html\">Observation/FPIG-FSC-Hospital-Discharge-Mobility-1-Ob-Question-26</a></li><li><a href=\"Observation-FPIG-FSC-Hospital-Discharge-Mobility-1-Ob-Question-28.html\">Observation/FPIG-FSC-Hospital-Discharge-Mobility-1-Ob-Question-28</a></li><li><a href=\"Observation-FPIG-FSC-Hospital-Discharge-Mobility-1-Ob-Question-30.html\">Observation/FPIG-FSC-Hospital-Discharge-Mobility-1-Ob-Question-30</a></li><li><a href=\"Observation-FPIG-FSC-Hospital-Discharge-Mobility-1-Ob-Question-32.html\">Observation/FPIG-FSC-Hospital-Discharge-Mobility-1-Ob-Question-32</a></li><li><a href=\"Observation-FPIG-FSC-Hospital-Discharge-Mobility-1-Ob-Question-34.html\">Observation/FPIG-FSC-Hospital-Discharge-Mobility-1-Ob-Question-34</a></li></ul><p><b>derivedFrom</b>: <a href=\"QuestionnaireResponse-FPIG-QResponse-Hospital-Discharge-Mobility-1.html\">QuestionnaireResponse/FPIG-QResponse-Hospital-Discharge-Mobility-1</a></p></div>"
  },
  "extension": [
    {
      "url": "http://hl7.org/fhir/us/pacio-fp/StructureDefinition/event-location",
      "valueReference": {
        "reference": "Location/FPIG-Org-Loc-01"
      }
    },
    {
      "url": "http://hl7.org/fhir/us/pacio-fp/StructureDefinition/device-patient-used",
      "valueReference": {
        "reference": "DeviceUseStatement/FPIG-FSC-Hospital-Discharge-Mobility-1-UseOfDevice-1"
      }
    },
    {
      "url": "http://hl7.org/fhir/us/pacio-fp/StructureDefinition/device-patient-used",
      "valueReference": {
        "reference": "DeviceUseStatement/FPIG-FSC-Hospital-Discharge-Mobility-1-UseOfDevice-2"
      }
    },
    {
      "url": "http://hl7.org/fhir/us/pacio-fp/StructureDefinition/device-patient-used",
      "valueReference": {
        "reference": "DeviceUseStatement/FPIG-FSC-Hospital-Discharge-Mobility-1-UseOfDevice-3"
      }
    },
    {
      "url": "http://hl7.org/fhir/us/pacio-fp/StructureDefinition/device-patient-used",
      "valueReference": {
        "reference": "DeviceUseStatement/FPIG-FSC-Hospital-Discharge-Mobility-1-UseOfDevice-4"
      }
    },
    {
      "url": "http://hl7.org/fhir/us/pacio-fp/StructureDefinition/device-patient-used",
      "valueReference": {
        "reference": "DeviceUseStatement/FPIG-FSC-Hospital-Discharge-Mobility-1-UseOfDevice-5"
      }
    }
  ],
  "status": "final",
  "category": [
    {
      "coding": [
        {
          "system": "http://hl7.org/fhir/us/pacio-fp/CodeSystem/fp-functioning-cs",
          "code": "functioning",
          "display": "Functioning"
        }
      ]
    },
    {
      "coding": [
        {
          "system": "http://terminology.hl7.org/CodeSystem/observation-category",
          "code": "survey"
        }
      ]
    },
    {
      "coding": [
        {
          "system": "http://hl7.org/fhir/us/pacio-fp/CodeSystem/fp-category-cs",
          "code": "mobility",
          "display": "Mobility"
        }
      ]
    }
  ],
  "code": {
    "coding": [
      {
        "system": "http://loinc.org",
        "code": "88331-4",
        "display": "Mobility - discharge performance during 3 day assessment period [CMS Assessment]"
      }
    ],
    "text": "Mobility - discharge performance during 3 day assessment period [CMS Assessment]"
  },
  "subject": {
    "reference": "Patient/FPIG-patientBSJ1"
  },
  "effectiveDateTime": "2020-07-10T14:34:00-05:00",
  "performer": [
    {
      "reference": "PractitionerRole/FPIG-Role-PT-RonMarble"
    }
  ],
  "hasMember": [
    {
      "reference": "Observation/FPIG-FSC-Hospital-Discharge-Mobility-1-Ob-Question-2"
    },
    {
      "reference": "Observation/FPIG-FSC-Hospital-Discharge-Mobility-1-Ob-Question-4"
    },
    {
      "reference": "Observation/FPIG-FSC-Hospital-Discharge-Mobility-1-Ob-Question-6"
    },
    {
      "reference": "Observation/FPIG-FSC-Hospital-Discharge-Mobility-1-Ob-Question-8"
    },
    {
      "reference": "Observation/FPIG-FSC-Hospital-Discharge-Mobility-1-Ob-Question-10"
    },
    {
      "reference": "Observation/FPIG-FSC-Hospital-Discharge-Mobility-1-Ob-Question-12"
    },
    {
      "reference": "Observation/FPIG-FSC-Hospital-Discharge-Mobility-1-Ob-Question-14"
    },
    {
      "reference": "Observation/FPIG-FSC-Hospital-Discharge-Mobility-1-Ob-Question-16"
    },
    {
      "reference": "Observation/FPIG-FSC-Hospital-Discharge-Mobility-1-Ob-Question-18"
    },
    {
      "reference": "Observation/FPIG-FSC-Hospital-Discharge-Mobility-1-Ob-Question-20"
    },
    {
      "reference": "Observation/FPIG-FSC-Hospital-Discharge-Mobility-1-Ob-Question-22"
    },
    {
      "reference": "Observation/FPIG-FSC-Hospital-Discharge-Mobility-1-Ob-Question-24"
    },
    {
      "reference": "Observation/FPIG-FSC-Hospital-Discharge-Mobility-1-Ob-Question-26"
    },
    {
      "reference": "Observation/FPIG-FSC-Hospital-Discharge-Mobility-1-Ob-Question-28"
    },
    {
      "reference": "Observation/FPIG-FSC-Hospital-Discharge-Mobility-1-Ob-Question-30"
    },
    {
      "reference": "Observation/FPIG-FSC-Hospital-Discharge-Mobility-1-Ob-Question-32"
    },
    {
      "reference": "Observation/FPIG-FSC-Hospital-Discharge-Mobility-1-Ob-Question-34"
    }
  ],
  "derivedFrom": [
    {
      "reference": "QuestionnaireResponse/FPIG-QResponse-Hospital-Discharge-Mobility-1"
    }
  ]
}