{
  "resourceType": "Observation",
  "id": "FPIG-FSC-SNF-Admission-Mobility-SelfCare-1-Ob-Question-3",
  "meta": {
    "profile": [
      "http://hl7.org/fhir/us/pacio-fp/StructureDefinition/fp-observation"
    ]
  },
  "text": {
    "status": "extensions",
    "div": "<div xmlns=\"http://www.w3.org/1999/xhtml\"><p><b>Generated Narrative</b></p><div style=\"display: inline-block; background-color: #d9e0e7; padding: 6px; margin: 4px; border: 1px solid #8da1b4; border-radius: 5px; line-height: 60%\"><p style=\"margin-bottom: 0px\">Resource \"FPIG-FSC-SNF-Admission-Mobility-SelfCare-1-Ob-Question-3\" </p><p style=\"margin-bottom: 0px\">Profile: <a href=\"StructureDefinition-fp-observation.html\">Functional Performance Observation</a></p></div><p><b>ObservationEventLocation</b>: <a href=\"Location-FPIG-Org-Loc-02.html\">Location/FPIG-Org-Loc-02</a> \"Happy Nursing Facility\"</p><p><b>status</b>: final</p><p><b>category</b>: Functioning <span style=\"background: LightGoldenRodYellow; margin: 4px; border: 1px solid khaki\"> (<a href=\"CodeSystem-fp-functioning-cs.html\">Functional Performance Functioning Category Code System</a>#functioning)</span>, Self-care <span style=\"background: LightGoldenRodYellow; margin: 4px; border: 1px solid khaki\"> (<a href=\"CodeSystem-fp-category-cs.html\">Functional Performance Category</a>#self-care)</span>, Survey <span style=\"background: LightGoldenRodYellow; margin: 4px; border: 1px solid khaki\"> (<a href=\"http://terminology.hl7.org/3.1.0/CodeSystem-observation-category.html\">Observation Category Codes</a>#survey)</span></p><p><b>code</b>: Eating - functional ability during 3 day assessment period [CMS Assessment] <span style=\"background: LightGoldenRodYellow; margin: 4px; border: 1px solid khaki\"> (<a href=\"https://loinc.org/\">LOINC</a>#83232-9)</span></p><p><b>subject</b>: <a href=\"Patient-FPIG-patientBSJ1.html\">Patient/FPIG-patientBSJ1</a> \" SMITH-JOHNSON\"</p><p><b>effective</b>: 2020-07-11 04:32:00-0500</p><p><b>performer</b>: <a href=\"PractitionerRole-FPIG-Role-OT-JenCadbury.html\">PractitionerRole/FPIG-Role-OT-JenCadbury</a></p><p><b>value</b>: Partial/moderate assistance - Helper does less than half the effort. Helper lifts, holds or supports trunk or limbs, but provides less than half the effort. <span style=\"background: LightGoldenRodYellow; margin: 4px; border: 1px solid khaki\"> (<a href=\"https://loinc.org/\">LOINC</a>#LA10055-4)</span></p><p><b>derivedFrom</b>: <a href=\"QuestionnaireResponse-FPIG-QResponse-SNF-Admission-Mobility-SelfCare-1.html\">QuestionnaireResponse/FPIG-QResponse-SNF-Admission-Mobility-SelfCare-1</a></p></div>"
  },
  "extension": [
    {
      "url": "http://hl7.org/fhir/us/pacio-fp/StructureDefinition/event-location",
      "valueReference": {
        "reference": "Location/FPIG-Org-Loc-02"
      }
    }
  ],
  "status": "final",
  "category": [
    {
      "coding": [
        {
          "system": "http://hl7.org/fhir/us/pacio-fp/CodeSystem/fp-functioning-cs",
          "code": "functioning",
          "display": "Functioning"
        }
      ]
    },
    {
      "coding": [
        {
          "system": "http://hl7.org/fhir/us/pacio-fp/CodeSystem/fp-category-cs",
          "code": "self-care",
          "display": "Self-care"
        }
      ]
    },
    {
      "coding": [
        {
          "system": "http://terminology.hl7.org/CodeSystem/observation-category",
          "code": "survey"
        }
      ]
    }
  ],
  "code": {
    "coding": [
      {
        "system": "http://loinc.org",
        "code": "83232-9",
        "display": "Eating - functional ability during 3 day assessment period [CMS Assessment]"
      }
    ]
  },
  "subject": {
    "reference": "Patient/FPIG-patientBSJ1"
  },
  "effectiveDateTime": "2020-07-11T16:32:00-05:00",
  "performer": [
    {
      "reference": "PractitionerRole/FPIG-Role-OT-JenCadbury"
    }
  ],
  "valueCodeableConcept": {
    "coding": [
      {
        "system": "http://loinc.org",
        "code": "LA10055-4",
        "display": "Partial/moderate assistance - Helper does less than half the effort. Helper lifts, holds or supports trunk or limbs, but provides less than half the effort."
      }
    ]
  },
  "derivedFrom": [
    {
      "reference": "QuestionnaireResponse/FPIG-QResponse-SNF-Admission-Mobility-SelfCare-1"
    }
  ]
}