{
  "resourceType": "StructureDefinition",
  "id": "fp-use-of-device",
  "text": {
    "status": "extensions",
    "div": "<div xmlns=\"http://www.w3.org/1999/xhtml\"><table border=\"0\" cellpadding=\"0\" cellspacing=\"0\" style=\"border: 0px #F0F0F0 solid; font-size: 11px; font-family: verdana; vertical-align: top;\"><tr style=\"border: 1px #F0F0F0 solid; font-size: 11px; font-family: verdana; vertical-align: top\"><th style=\"vertical-align: top; text-align : left; background-color: white; border: 0px #F0F0F0 solid; padding:0px 4px 0px 4px\" class=\"hierarchy\"><a href=\"http://hl7.org/fhir/R4/formats.html#table\" title=\"The logical name of the element\">Name</a></th><th style=\"vertical-align: top; text-align : left; background-color: white; border: 0px #F0F0F0 solid; padding:0px 4px 0px 4px\" class=\"hierarchy\"><a href=\"http://hl7.org/fhir/R4/formats.html#table\" title=\"Information about the use of the element\">Flags</a></th><th style=\"vertical-align: top; text-align : left; background-color: white; border: 0px #F0F0F0 solid; padding:0px 4px 0px 4px\" class=\"hierarchy\"><a href=\"http://hl7.org/fhir/R4/formats.html#table\" title=\"Minimum and Maximum # of times the the element can appear in the instance\">Card.</a></th><th style=\"width: 100px\" class=\"hierarchy\"><a href=\"http://hl7.org/fhir/R4/formats.html#table\" title=\"Reference to the type of the element\">Type</a></th><th style=\"vertical-align: top; text-align : left; background-color: white; border: 0px #F0F0F0 solid; padding:0px 4px 0px 4px\" class=\"hierarchy\"><a href=\"http://hl7.org/fhir/R4/formats.html#table\" title=\"Additional information about the element\">Description &amp; Constraints</a><span style=\"float: right\"><a href=\"http://hl7.org/fhir/R4/formats.html#table\" title=\"Legend for this format\"><img src=\"http://hl7.org/fhir/R4/help16.png\" alt=\"doco\" style=\"background-color: inherit\"/></a></span></th></tr><tr style=\"border: 0px #F0F0F0 solid; padding:0px; vertical-align: top; background-color: white\"><td style=\"vertical-align: top; text-align : left; background-color: white; border: 0px #F0F0F0 solid; padding:0px 4px 0px 4px; white-space: nowrap; background-image: url(tbl_bck1.png)\" class=\"hierarchy\"><img src=\"tbl_spacer.png\" alt=\".\" style=\"background-color: inherit\" class=\"hierarchy\"/><img src=\"icon_resource.png\" alt=\".\" style=\"background-color: white; background-color: inherit\" title=\"Resource\" class=\"hierarchy\"/> <a href=\"StructureDefinition-fp-use-of-device-definitions.html#DeviceUseStatement\">DeviceUseStatement</a><a name=\"DeviceUseStatement\"> </a></td><td style=\"vertical-align: top; text-align : left; background-color: white; border: 0px #F0F0F0 solid; padding:0px 4px 0px 4px\" class=\"hierarchy\"/><td style=\"vertical-align: top; text-align : left; background-color: white; border: 0px #F0F0F0 solid; padding:0px 4px 0px 4px\" class=\"hierarchy\"><span style=\"opacity: 0.5\">0</span><span style=\"opacity: 0.5\">..</span><span style=\"opacity: 0.5\">*</span></td><td style=\"vertical-align: top; text-align : left; background-color: white; border: 0px #F0F0F0 solid; padding:0px 4px 0px 4px\" class=\"hierarchy\"><a href=\"http://hl7.org/fhir/R4/deviceusestatement.html\">DeviceUseStatement</a></td><td style=\"vertical-align: top; text-align : left; background-color: white; border: 0px #F0F0F0 solid; padding:0px 4px 0px 4px\" class=\"hierarchy\"><span style=\"opacity: 0.5\">Record of use of a device</span></td></tr>\r\n<tr style=\"border: 0px #F0F0F0 solid; padding:0px; vertical-align: top; background-color: #F7F7F7\"><td style=\"vertical-align: top; text-align : left; background-color: #F7F7F7; border: 0px #F0F0F0 solid; padding:0px 4px 0px 4px; white-space: nowrap; background-image: url(tbl_bck10.png)\" class=\"hierarchy\"><img src=\"tbl_spacer.png\" alt=\".\" style=\"background-color: inherit\" class=\"hierarchy\"/><img src=\"tbl_vjoin.png\" alt=\".\" style=\"background-color: inherit\" class=\"hierarchy\"/><img src=\"icon_reference.png\" alt=\".\" style=\"background-color: #F7F7F7; background-color: inherit\" title=\"Reference to another Resource\" class=\"hierarchy\"/> <a href=\"StructureDefinition-fp-use-of-device-definitions.html#DeviceUseStatement.subject\">subject</a><a name=\"DeviceUseStatement.subject\"> </a></td><td style=\"vertical-align: top; text-align : left; background-color: #F7F7F7; border: 0px #F0F0F0 solid; padding:0px 4px 0px 4px\" class=\"hierarchy\"/><td style=\"vertical-align: top; text-align : left; background-color: #F7F7F7; border: 0px #F0F0F0 solid; padding:0px 4px 0px 4px\" class=\"hierarchy\"><span style=\"opacity: 0.5\">1</span><span style=\"opacity: 0.5\">..</span><span style=\"opacity: 0.5\">1</span></td><td style=\"vertical-align: top; text-align : left; background-color: #F7F7F7; border: 0px #F0F0F0 solid; padding:0px 4px 0px 4px\" class=\"hierarchy\"><a href=\"http://hl7.org/fhir/R4/references.html\">Reference</a>(<a href=\"http://hl7.org/fhir/us/core/STU3.1.1/StructureDefinition-us-core-patient.html\">US Core Patient Profile</a>)</td><td style=\"vertical-align: top; text-align : left; background-color: #F7F7F7; border: 0px #F0F0F0 solid; padding:0px 4px 0px 4px\" class=\"hierarchy\"><span style=\"opacity: 0.5\">Patient using device</span></td></tr>\r\n<tr style=\"border: 0px #F0F0F0 solid; padding:0px; vertical-align: top; background-color: white\"><td style=\"vertical-align: top; text-align : left; background-color: white; border: 0px #F0F0F0 solid; padding:0px 4px 0px 4px; white-space: nowrap; background-image: url(tbl_bck10.png)\" class=\"hierarchy\"><img src=\"tbl_spacer.png\" alt=\".\" style=\"background-color: inherit\" class=\"hierarchy\"/><img src=\"tbl_vjoin.png\" alt=\".\" style=\"background-color: inherit\" class=\"hierarchy\"/><img src=\"icon_element.gif\" alt=\".\" style=\"background-color: white; background-color: inherit\" title=\"Element\" class=\"hierarchy\"/> <a href=\"StructureDefinition-fp-use-of-device-definitions.html#DeviceUseStatement.device\">device</a><a name=\"DeviceUseStatement.device\"> </a></td><td style=\"vertical-align: top; text-align : left; background-color: white; border: 0px #F0F0F0 solid; padding:0px 4px 0px 4px\" class=\"hierarchy\"/><td style=\"vertical-align: top; text-align : left; background-color: white; border: 0px #F0F0F0 solid; padding:0px 4px 0px 4px\" class=\"hierarchy\"><span style=\"opacity: 0.5\">1</span><span style=\"opacity: 0.5\">..</span><span style=\"opacity: 0.5\">1</span></td><td style=\"vertical-align: top; text-align : left; background-color: white; border: 0px #F0F0F0 solid; padding:0px 4px 0px 4px\" class=\"hierarchy\"><a href=\"http://hl7.org/fhir/R4/references.html\">Reference</a>(<a style=\"opacity: 0.5\" href=\"http://hl7.org/fhir/R4/device.html\">Device</a>)</td><td style=\"vertical-align: top; text-align : left; background-color: white; border: 0px #F0F0F0 solid; padding:0px 4px 0px 4px\" class=\"hierarchy\">The description of the device that the patient used.</td></tr>\r\n<tr style=\"border: 0px #F0F0F0 solid; padding:0px; vertical-align: top; background-color: #F7F7F7\"><td style=\"vertical-align: top; text-align : left; background-color: #F7F7F7; border: 0px #F0F0F0 solid; padding:0px 4px 0px 4px; white-space: nowrap; background-image: url(tbl_bck00.png)\" class=\"hierarchy\"><img src=\"tbl_spacer.png\" alt=\".\" style=\"background-color: inherit\" class=\"hierarchy\"/><img src=\"tbl_vjoin_end.png\" alt=\".\" style=\"background-color: inherit\" class=\"hierarchy\"/><img src=\"icon_element.gif\" alt=\".\" style=\"background-color: #F7F7F7; background-color: inherit\" title=\"Element\" class=\"hierarchy\"/> <a href=\"StructureDefinition-fp-use-of-device-definitions.html#DeviceUseStatement.bodySite\">bodySite</a><a name=\"DeviceUseStatement.bodySite\"> </a></td><td style=\"vertical-align: top; text-align : left; background-color: #F7F7F7; border: 0px #F0F0F0 solid; padding:0px 4px 0px 4px\" class=\"hierarchy\"/><td style=\"vertical-align: top; text-align : left; background-color: #F7F7F7; border: 0px #F0F0F0 solid; padding:0px 4px 0px 4px\" class=\"hierarchy\"><span style=\"opacity: 0.5\">0</span><span style=\"opacity: 0.5\">..</span><span style=\"opacity: 0.5\">1</span></td><td style=\"vertical-align: top; text-align : left; background-color: #F7F7F7; border: 0px #F0F0F0 solid; padding:0px 4px 0px 4px\" class=\"hierarchy\"><a style=\"opacity: 0.5\" href=\"http://hl7.org/fhir/R4/datatypes.html#CodeableConcept\">CodeableConcept</a></td><td style=\"vertical-align: top; text-align : left; background-color: #F7F7F7; border: 0px #F0F0F0 solid; padding:0px 4px 0px 4px\" class=\"hierarchy\"><span style=\"opacity: 0.5\">Target body site</span></td></tr>\r\n<tr><td colspan=\"5\" class=\"hierarchy\"><br/><a href=\"http://hl7.org/fhir/R4/formats.html#table\" title=\"Legend for this format\"><img src=\"http://hl7.org/fhir/R4/help16.png\" alt=\"doco\" style=\"background-color: inherit\"/> Documentation for this format</a></td></tr></table></div>"
  },
  "extension": [
    {
      "url": "http://hl7.org/fhir/StructureDefinition/structuredefinition-category",
      "valueString": "Clinical.Request &amp; Response"
    },
    {
      "url": "http://hl7.org/fhir/StructureDefinition/structuredefinition-security-category",
      "valueCode": "patient"
    }
  ],
  "url": "http://hl7.org/fhir/us/pacio-fp/StructureDefinition/fp-use-of-device",
  "version": "1.0.0",
  "name": "FunctionalPerformanceUseOfDevice",
  "title": "Functional Performance Use of Device",
  "status": "active",
  "date": "2022-04-19T12:58:34-04:00",
  "publisher": "HL7 Patient Care Work Group",
  "contact": [
    {
      "name": "HL7 Patient Care Work Group",
      "telecom": [
        {
          "system": "url",
          "value": "http://www.hl7.org/Special/committees/patientcare"
        },
        {
          "system": "email",
          "value": "patientcare@lists.HL7.org"
        }
      ]
    },
    {
      "name": "PACIO project",
      "telecom": [
        {
          "system": "url",
          "value": "http://www.hl7.org/Special/committees/patientcare"
        },
        {
          "system": "email",
          "value": "info@pacioproject.org"
        }
      ]
    }
  ],
  "description": "A record of an assistive device--e.g. eyeglasses or hearing aid, being used by a patient during a post-acute care observation. This profile based on the DeviceUseStatement resource provides a way to include information about device usage during an assessment.",
  "jurisdiction": [
    {
      "coding": [
        {
          "system": "urn:iso:std:iso:3166",
          "code": "US"
        }
      ]
    }
  ],
  "fhirVersion": "4.0.1",
  "mapping": [
    {
      "identity": "workflow",
      "uri": "http://hl7.org/fhir/workflow",
      "name": "Workflow Pattern"
    },
    {
      "identity": "quick",
      "uri": "http://siframework.org/cqf",
      "name": "Quality Improvement and Clinical Knowledge (QUICK)"
    },
    {
      "identity": "w5",
      "uri": "http://hl7.org/fhir/fivews",
      "name": "FiveWs Pattern Mapping"
    },
    {
      "identity": "v2",
      "uri": "http://hl7.org/v2",
      "name": "HL7 v2 Mapping"
    },
    {
      "identity": "rim",
      "uri": "http://hl7.org/v3",
      "name": "RIM Mapping"
    }
  ],
  "kind": "resource",
  "abstract": false,
  "type": "DeviceUseStatement",
  "baseDefinition": "http://hl7.org/fhir/StructureDefinition/DeviceUseStatement",
  "derivation": "constraint",
  "snapshot": {
    "element": [
      {
        "id": "DeviceUseStatement",
        "path": "DeviceUseStatement",
        "short": "Record of use of a device",
        "definition": "A record of a device being used by a patient where the record is the result of a report from the patient or another clinician.",
        "min": 0,
        "max": "*",
        "base": {
          "path": "DeviceUseStatement",
          "min": 0,
          "max": "*"
        },
        "constraint": [
          {
            "key": "dom-2",
            "severity": "error",
            "human": "If the resource is contained in another resource, it SHALL NOT contain nested Resources",
            "expression": "contained.contained.empty()",
            "xpath": "not(parent::f:contained and f:contained)",
            "source": "http://hl7.org/fhir/StructureDefinition/DomainResource"
          },
          {
            "key": "dom-3",
            "severity": "error",
            "human": "If the resource is contained in another resource, it SHALL be referred to from elsewhere in the resource or SHALL refer to the containing resource",
            "expression": "contained.where((('#'+id in (%resource.descendants().reference | %resource.descendants().as(canonical) | %resource.descendants().as(uri) | %resource.descendants().as(url))) or descendants().where(reference = '#').exists() or descendants().where(as(canonical) = '#').exists() or descendants().where(as(canonical) = '#').exists()).not()).trace('unmatched', id).empty()",
            "xpath": "not(exists(for $id in f:contained/*/f:id/@value return $contained[not(parent::*/descendant::f:reference/@value=concat('#', $contained/*/id/@value) or descendant::f:reference[@value='#'])]))",
            "source": "http://hl7.org/fhir/StructureDefinition/DomainResource"
          },
          {
            "key": "dom-4",
            "severity": "error",
            "human": "If a resource is contained in another resource, it SHALL NOT have a meta.versionId or a meta.lastUpdated",
            "expression": "contained.meta.versionId.empty() and contained.meta.lastUpdated.empty()",
            "xpath": "not(exists(f:contained/*/f:meta/f:versionId)) and not(exists(f:contained/*/f:meta/f:lastUpdated))",
            "source": "http://hl7.org/fhir/StructureDefinition/DomainResource"
          },
          {
            "key": "dom-5",
            "severity": "error",
            "human": "If a resource is contained in another resource, it SHALL NOT have a security label",
            "expression": "contained.meta.security.empty()",
            "xpath": "not(exists(f:contained/*/f:meta/f:security))",
            "source": "http://hl7.org/fhir/StructureDefinition/DomainResource"
          },
          {
            "extension": [
              {
                "url": "http://hl7.org/fhir/StructureDefinition/elementdefinition-bestpractice",
                "valueBoolean": true
              },
              {
                "url": "http://hl7.org/fhir/StructureDefinition/elementdefinition-bestpractice-explanation",
                "valueMarkdown": "When a resource has no narrative, only systems that fully understand the data can display the resource to a human safely. Including a human readable representation in the resource makes for a much more robust eco-system and cheaper handling of resources by intermediary systems. Some ecosystems restrict distribution of resources to only those systems that do fully understand the resources, and as a consequence implementers may believe that the narrative is superfluous. However experience shows that such eco-systems often open up to new participants over time."
              }
            ],
            "key": "dom-6",
            "severity": "warning",
            "human": "A resource should have narrative for robust management",
            "expression": "text.`div`.exists()",
            "xpath": "exists(f:text/h:div)",
            "source": "http://hl7.org/fhir/StructureDefinition/DomainResource"
          }
        ],
        "isModifier": false,
        "isSummary": false,
        "mapping": [
          {
            "identity": "rim",
            "map": "Entity. Role, or Act"
          },
          {
            "identity": "workflow",
            "map": "Event"
          },
          {
            "identity": "quick",
            "map": "DeviceUsePerformanceOccurrence"
          }
        ]
      },
      {
        "id": "DeviceUseStatement.id",
        "path": "DeviceUseStatement.id",
        "short": "Logical id of this artifact",
        "definition": "The logical id of the resource, as used in the URL for the resource. Once assigned, this value never changes.",
        "comment": "The only time that a resource does not have an id is when it is being submitted to the server using a create operation.",
        "min": 0,
        "max": "1",
        "base": {
          "path": "Resource.id",
          "min": 0,
          "max": "1"
        },
        "type": [
          {
            "extension": [
              {
                "url": "http://hl7.org/fhir/StructureDefinition/structuredefinition-fhir-type",
                "valueUrl": "string"
              }
            ],
            "code": "http://hl7.org/fhirpath/System.String"
          }
        ],
        "isModifier": false,
        "isSummary": true
      },
      {
        "id": "DeviceUseStatement.meta",
        "path": "DeviceUseStatement.meta",
        "short": "Metadata about the resource",
        "definition": "The metadata about the resource. This is content that is maintained by the infrastructure. Changes to the content might not always be associated with version changes to the resource.",
        "min": 0,
        "max": "1",
        "base": {
          "path": "Resource.meta",
          "min": 0,
          "max": "1"
        },
        "type": [
          {
            "code": "Meta"
          }
        ],
        "constraint": [
          {
            "key": "ele-1",
            "severity": "error",
            "human": "All FHIR elements must have a @value or children",
            "expression": "hasValue() or (children().count() > id.count())",
            "xpath": "@value|f:*|h:div",
            "source": "http://hl7.org/fhir/StructureDefinition/Element"
          }
        ],
        "isModifier": false,
        "isSummary": true
      },
      {
        "id": "DeviceUseStatement.implicitRules",
        "path": "DeviceUseStatement.implicitRules",
        "short": "A set of rules under which this content was created",
        "definition": "A reference to a set of rules that were followed when the resource was constructed, and which must be understood when processing the content. Often, this is a reference to an implementation guide that defines the special rules along with other profiles etc.",
        "comment": "Asserting this rule set restricts the content to be only understood by a limited set of trading partners. This inherently limits the usefulness of the data in the long term. However, the existing health eco-system is highly fractured, and not yet ready to define, collect, and exchange data in a generally computable sense. Wherever possible, implementers and/or specification writers should avoid using this element. Often, when used, the URL is a reference to an implementation guide that defines these special rules as part of it's narrative along with other profiles, value sets, etc.",
        "min": 0,
        "max": "1",
        "base": {
          "path": "Resource.implicitRules",
          "min": 0,
          "max": "1"
        },
        "type": [
          {
            "code": "uri"
          }
        ],
        "constraint": [
          {
            "key": "ele-1",
            "severity": "error",
            "human": "All FHIR elements must have a @value or children",
            "expression": "hasValue() or (children().count() > id.count())",
            "xpath": "@value|f:*|h:div",
            "source": "http://hl7.org/fhir/StructureDefinition/Element"
          }
        ],
        "isModifier": true,
        "isModifierReason": "This element is labeled as a modifier because the implicit rules may provide additional knowledge about the resource that modifies it's meaning or interpretation",
        "isSummary": true
      },
      {
        "id": "DeviceUseStatement.language",
        "path": "DeviceUseStatement.language",
        "short": "Language of the resource content",
        "definition": "The base language in which the resource is written.",
        "comment": "Language is provided to support indexing and accessibility (typically, services such as text to speech use the language tag). The html language tag in the narrative applies  to the narrative. The language tag on the resource may be used to specify the language of other presentations generated from the data in the resource. Not all the content has to be in the base language. The Resource.language should not be assumed to apply to the narrative automatically. If a language is specified, it should it also be specified on the div element in the html (see rules in HTML5 for information about the relationship between xml:lang and the html lang attribute).",
        "min": 0,
        "max": "1",
        "base": {
          "path": "Resource.language",
          "min": 0,
          "max": "1"
        },
        "type": [
          {
            "code": "code"
          }
        ],
        "constraint": [
          {
            "key": "ele-1",
            "severity": "error",
            "human": "All FHIR elements must have a @value or children",
            "expression": "hasValue() or (children().count() > id.count())",
            "xpath": "@value|f:*|h:div",
            "source": "http://hl7.org/fhir/StructureDefinition/Element"
          }
        ],
        "isModifier": false,
        "isSummary": false,
        "binding": {
          "extension": [
            {
              "url": "http://hl7.org/fhir/StructureDefinition/elementdefinition-maxValueSet",
              "valueCanonical": "http://hl7.org/fhir/ValueSet/all-languages"
            },
            {
              "url": "http://hl7.org/fhir/StructureDefinition/elementdefinition-bindingName",
              "valueString": "Language"
            },
            {
              "url": "http://hl7.org/fhir/StructureDefinition/elementdefinition-isCommonBinding",
              "valueBoolean": true
            }
          ],
          "strength": "preferred",
          "description": "A human language.",
          "valueSet": "http://hl7.org/fhir/ValueSet/languages"
        }
      },
      {
        "id": "DeviceUseStatement.text",
        "path": "DeviceUseStatement.text",
        "short": "Text summary of the resource, for human interpretation",
        "definition": "A human-readable narrative that contains a summary of the resource and can be used to represent the content of the resource to a human. The narrative need not encode all the structured data, but is required to contain sufficient detail to make it \"clinically safe\" for a human to just read the narrative. Resource definitions may define what content should be represented in the narrative to ensure clinical safety.",
        "comment": "Contained resources do not have narrative. Resources that are not contained SHOULD have a narrative. In some cases, a resource may only have text with little or no additional discrete data (as long as all minOccurs=1 elements are satisfied).  This may be necessary for data from legacy systems where information is captured as a \"text blob\" or where text is additionally entered raw or narrated and encoded information is added later.",
        "alias": [
          "narrative",
          "html",
          "xhtml",
          "display"
        ],
        "min": 0,
        "max": "1",
        "base": {
          "path": "DomainResource.text",
          "min": 0,
          "max": "1"
        },
        "type": [
          {
            "code": "Narrative"
          }
        ],
        "constraint": [
          {
            "key": "ele-1",
            "severity": "error",
            "human": "All FHIR elements must have a @value or children",
            "expression": "hasValue() or (children().count() > id.count())",
            "xpath": "@value|f:*|h:div",
            "source": "http://hl7.org/fhir/StructureDefinition/Element"
          }
        ],
        "isModifier": false,
        "isSummary": false,
        "mapping": [
          {
            "identity": "rim",
            "map": "Act.text?"
          }
        ]
      },
      {
        "id": "DeviceUseStatement.contained",
        "path": "DeviceUseStatement.contained",
        "short": "Contained, inline Resources",
        "definition": "These resources do not have an independent existence apart from the resource that contains them - they cannot be identified independently, and nor can they have their own independent transaction scope.",
        "comment": "This should never be done when the content can be identified properly, as once identification is lost, it is extremely difficult (and context dependent) to restore it again. Contained resources may have profiles and tags In their meta elements, but SHALL NOT have security labels.",
        "alias": [
          "inline resources",
          "anonymous resources",
          "contained resources"
        ],
        "min": 0,
        "max": "*",
        "base": {
          "path": "DomainResource.contained",
          "min": 0,
          "max": "*"
        },
        "type": [
          {
            "code": "Resource"
          }
        ],
        "isModifier": false,
        "isSummary": false,
        "mapping": [
          {
            "identity": "rim",
            "map": "N/A"
          }
        ]
      },
      {
        "id": "DeviceUseStatement.extension",
        "path": "DeviceUseStatement.extension",
        "short": "Additional content defined by implementations",
        "definition": "May be used to represent additional information that is not part of the basic definition of the resource. To make the use of extensions safe and manageable, there is a strict set of governance  applied to the definition and use of extensions. Though any implementer can define an extension, there is a set of requirements that SHALL be met as part of the definition of the extension.",
        "comment": "There can be no stigma associated with the use of extensions by any application, project, or standard - regardless of the institution or jurisdiction that uses or defines the extensions.  The use of extensions is what allows the FHIR specification to retain a core level of simplicity for everyone.",
        "alias": [
          "extensions",
          "user content"
        ],
        "min": 0,
        "max": "*",
        "base": {
          "path": "DomainResource.extension",
          "min": 0,
          "max": "*"
        },
        "type": [
          {
            "code": "Extension"
          }
        ],
        "constraint": [
          {
            "key": "ele-1",
            "severity": "error",
            "human": "All FHIR elements must have a @value or children",
            "expression": "hasValue() or (children().count() > id.count())",
            "xpath": "@value|f:*|h:div",
            "source": "http://hl7.org/fhir/StructureDefinition/Element"
          },
          {
            "key": "ext-1",
            "severity": "error",
            "human": "Must have either extensions or value[x], not both",
            "expression": "extension.exists() != value.exists()",
            "xpath": "exists(f:extension)!=exists(f:*[starts-with(local-name(.), \"value\")])",
            "source": "http://hl7.org/fhir/StructureDefinition/Extension"
          }
        ],
        "isModifier": false,
        "isSummary": false,
        "mapping": [
          {
            "identity": "rim",
            "map": "N/A"
          }
        ]
      },
      {
        "id": "DeviceUseStatement.modifierExtension",
        "path": "DeviceUseStatement.modifierExtension",
        "short": "Extensions that cannot be ignored",
        "definition": "May be used to represent additional information that is not part of the basic definition of the resource and that modifies the understanding of the element that contains it and/or the understanding of the containing element's descendants. Usually modifier elements provide negation or qualification. To make the use of extensions safe and manageable, there is a strict set of governance applied to the definition and use of extensions. Though any implementer is allowed to define an extension, there is a set of requirements that SHALL be met as part of the definition of the extension. Applications processing a resource are required to check for modifier extensions.\n\nModifier extensions SHALL NOT change the meaning of any elements on Resource or DomainResource (including cannot change the meaning of modifierExtension itself).",
        "comment": "There can be no stigma associated with the use of extensions by any application, project, or standard - regardless of the institution or jurisdiction that uses or defines the extensions.  The use of extensions is what allows the FHIR specification to retain a core level of simplicity for everyone.",
        "requirements": "Modifier extensions allow for extensions that *cannot* be safely ignored to be clearly distinguished from the vast majority of extensions which can be safely ignored.  This promotes interoperability by eliminating the need for implementers to prohibit the presence of extensions. For further information, see the [definition of modifier extensions](http://hl7.org/fhir/R4/extensibility.html#modifierExtension).",
        "alias": [
          "extensions",
          "user content"
        ],
        "min": 0,
        "max": "*",
        "base": {
          "path": "DomainResource.modifierExtension",
          "min": 0,
          "max": "*"
        },
        "type": [
          {
            "code": "Extension"
          }
        ],
        "constraint": [
          {
            "key": "ele-1",
            "severity": "error",
            "human": "All FHIR elements must have a @value or children",
            "expression": "hasValue() or (children().count() > id.count())",
            "xpath": "@value|f:*|h:div",
            "source": "http://hl7.org/fhir/StructureDefinition/Element"
          },
          {
            "key": "ext-1",
            "severity": "error",
            "human": "Must have either extensions or value[x], not both",
            "expression": "extension.exists() != value.exists()",
            "xpath": "exists(f:extension)!=exists(f:*[starts-with(local-name(.), \"value\")])",
            "source": "http://hl7.org/fhir/StructureDefinition/Extension"
          }
        ],
        "isModifier": true,
        "isModifierReason": "Modifier extensions are expected to modify the meaning or interpretation of the resource that contains them",
        "isSummary": false,
        "mapping": [
          {
            "identity": "rim",
            "map": "N/A"
          }
        ]
      },
      {
        "id": "DeviceUseStatement.identifier",
        "path": "DeviceUseStatement.identifier",
        "short": "External identifier for this record",
        "definition": "An external identifier for this statement such as an IRI.",
        "min": 0,
        "max": "*",
        "base": {
          "path": "DeviceUseStatement.identifier",
          "min": 0,
          "max": "*"
        },
        "type": [
          {
            "code": "Identifier"
          }
        ],
        "constraint": [
          {
            "key": "ele-1",
            "severity": "error",
            "human": "All FHIR elements must have a @value or children",
            "expression": "hasValue() or (children().count() > id.count())",
            "xpath": "@value|f:*|h:div",
            "source": "http://hl7.org/fhir/StructureDefinition/Element"
          }
        ],
        "isModifier": false,
        "isSummary": true,
        "mapping": [
          {
            "identity": "workflow",
            "map": "Event.identifier"
          },
          {
            "identity": "w5",
            "map": "FiveWs.identifier"
          },
          {
            "identity": "quick",
            "map": "ClinicalStatement.identifier"
          }
        ]
      },
      {
        "id": "DeviceUseStatement.basedOn",
        "path": "DeviceUseStatement.basedOn",
        "short": "Fulfills plan, proposal or order",
        "definition": "A plan, proposal or order that is fulfilled in whole or in part by this DeviceUseStatement.",
        "requirements": "Allows tracing of authorization for the DeviceUseStatement and tracking whether proposals/recommendations were acted upon.",
        "alias": [
          "fulfills"
        ],
        "min": 0,
        "max": "*",
        "base": {
          "path": "DeviceUseStatement.basedOn",
          "min": 0,
          "max": "*"
        },
        "type": [
          {
            "code": "Reference",
            "targetProfile": [
              "http://hl7.org/fhir/StructureDefinition/ServiceRequest"
            ]
          }
        ],
        "constraint": [
          {
            "key": "ele-1",
            "severity": "error",
            "human": "All FHIR elements must have a @value or children",
            "expression": "hasValue() or (children().count() > id.count())",
            "xpath": "@value|f:*|h:div",
            "source": "http://hl7.org/fhir/StructureDefinition/Element"
          }
        ],
        "isModifier": false,
        "isSummary": true,
        "mapping": [
          {
            "identity": "workflow",
            "map": "Event.basedOn"
          },
          {
            "identity": "v2",
            "map": "ORC in proximity to EVN segment"
          },
          {
            "identity": "rim",
            "map": ".outboundRelationship[typeCode=FLFS].target"
          }
        ]
      },
      {
        "id": "DeviceUseStatement.status",
        "path": "DeviceUseStatement.status",
        "short": "active | completed | entered-in-error +",
        "definition": "A code representing the patient or other source's judgment about the state of the device used that this statement is about.  Generally this will be active or completed.",
        "comment": "DeviceUseStatment is a statement at a point in time.  The status is only representative at the point when it was asserted.  The value set for contains codes that assert the status of the use  by the patient (for example, stopped or on hold) as well as codes that assert the status of the resource itself (for example, entered in error).\r\rThis element is labeled as a modifier because the status contains the codes that mark the statement as not currently valid.",
        "min": 1,
        "max": "1",
        "base": {
          "path": "DeviceUseStatement.status",
          "min": 1,
          "max": "1"
        },
        "type": [
          {
            "code": "code"
          }
        ],
        "constraint": [
          {
            "key": "ele-1",
            "severity": "error",
            "human": "All FHIR elements must have a @value or children",
            "expression": "hasValue() or (children().count() > id.count())",
            "xpath": "@value|f:*|h:div",
            "source": "http://hl7.org/fhir/StructureDefinition/Element"
          }
        ],
        "isModifier": true,
        "isModifierReason": "This element is labelled as a modifier because it is a status element that contains status entered-in-error which means that the resource should not be treated as valid",
        "isSummary": true,
        "binding": {
          "extension": [
            {
              "url": "http://hl7.org/fhir/StructureDefinition/elementdefinition-bindingName",
              "valueString": "DeviceUseStatementStatus"
            }
          ],
          "strength": "required",
          "description": "A coded concept indicating the current status of the Device Usage.",
          "valueSet": "http://hl7.org/fhir/ValueSet/device-statement-status|4.0.1"
        },
        "mapping": [
          {
            "identity": "workflow",
            "map": "Event.status"
          },
          {
            "identity": "w5",
            "map": "FiveWs.status"
          },
          {
            "identity": "rim",
            "map": ".statusCode"
          },
          {
            "identity": "quick",
            "map": "…status"
          }
        ]
      },
      {
        "id": "DeviceUseStatement.subject",
        "path": "DeviceUseStatement.subject",
        "short": "Patient using device",
        "definition": "The patient who used the device.",
        "min": 1,
        "max": "1",
        "base": {
          "path": "DeviceUseStatement.subject",
          "min": 1,
          "max": "1"
        },
        "type": [
          {
            "code": "Reference",
            "targetProfile": [
              "http://hl7.org/fhir/us/core/StructureDefinition/us-core-patient"
            ]
          }
        ],
        "constraint": [
          {
            "key": "ele-1",
            "severity": "error",
            "human": "All FHIR elements must have a @value or children",
            "expression": "hasValue() or (children().count() > id.count())",
            "xpath": "@value|f:*|h:div",
            "source": "http://hl7.org/fhir/StructureDefinition/Element"
          }
        ],
        "isModifier": false,
        "isSummary": true,
        "mapping": [
          {
            "identity": "workflow",
            "map": "Event.subject"
          },
          {
            "identity": "w5",
            "map": "FiveWs.subject[x]"
          },
          {
            "identity": "quick",
            "map": "ClinicalStatement.subject"
          },
          {
            "identity": "w5",
            "map": "FiveWs.subject"
          }
        ]
      },
      {
        "id": "DeviceUseStatement.derivedFrom",
        "path": "DeviceUseStatement.derivedFrom",
        "short": "Supporting information",
        "definition": "Allows linking the DeviceUseStatement to the underlying Request, or to other information that supports or is used to derive the DeviceUseStatement.",
        "comment": "The most common use cases for deriving a DeviceUseStatement comes from creating it from a request or from an observation or a claim. it should be noted that the amount of information that is available varies from the type resource that you derive the DeviceUseStatement from.",
        "min": 0,
        "max": "*",
        "base": {
          "path": "DeviceUseStatement.derivedFrom",
          "min": 0,
          "max": "*"
        },
        "type": [
          {
            "code": "Reference",
            "targetProfile": [
              "http://hl7.org/fhir/StructureDefinition/ServiceRequest",
              "http://hl7.org/fhir/StructureDefinition/Procedure",
              "http://hl7.org/fhir/StructureDefinition/Claim",
              "http://hl7.org/fhir/StructureDefinition/Observation",
              "http://hl7.org/fhir/StructureDefinition/QuestionnaireResponse",
              "http://hl7.org/fhir/StructureDefinition/DocumentReference"
            ]
          }
        ],
        "constraint": [
          {
            "key": "ele-1",
            "severity": "error",
            "human": "All FHIR elements must have a @value or children",
            "expression": "hasValue() or (children().count() > id.count())",
            "xpath": "@value|f:*|h:div",
            "source": "http://hl7.org/fhir/StructureDefinition/Element"
          }
        ],
        "isModifier": false,
        "isSummary": true
      },
      {
        "id": "DeviceUseStatement.timing[x]",
        "path": "DeviceUseStatement.timing[x]",
        "short": "How often  the device was used",
        "definition": "How often the device was used.",
        "min": 0,
        "max": "1",
        "base": {
          "path": "DeviceUseStatement.timing[x]",
          "min": 0,
          "max": "1"
        },
        "type": [
          {
            "code": "Timing"
          },
          {
            "code": "Period"
          },
          {
            "code": "dateTime"
          }
        ],
        "constraint": [
          {
            "key": "ele-1",
            "severity": "error",
            "human": "All FHIR elements must have a @value or children",
            "expression": "hasValue() or (children().count() > id.count())",
            "xpath": "@value|f:*|h:div",
            "source": "http://hl7.org/fhir/StructureDefinition/Element"
          }
        ],
        "isModifier": false,
        "isSummary": true,
        "mapping": [
          {
            "identity": "workflow",
            "map": "Event.occurrence[x]"
          },
          {
            "identity": "w5",
            "map": "FiveWs.done[x]"
          },
          {
            "identity": "quick",
            "map": "DeviceUse.applicationSchedule"
          }
        ]
      },
      {
        "id": "DeviceUseStatement.recordedOn",
        "path": "DeviceUseStatement.recordedOn",
        "short": "When statement was recorded",
        "definition": "The time at which the statement was made/recorded.",
        "min": 0,
        "max": "1",
        "base": {
          "path": "DeviceUseStatement.recordedOn",
          "min": 0,
          "max": "1"
        },
        "type": [
          {
            "code": "dateTime"
          }
        ],
        "constraint": [
          {
            "key": "ele-1",
            "severity": "error",
            "human": "All FHIR elements must have a @value or children",
            "expression": "hasValue() or (children().count() > id.count())",
            "xpath": "@value|f:*|h:div",
            "source": "http://hl7.org/fhir/StructureDefinition/Element"
          }
        ],
        "isModifier": false,
        "isSummary": true,
        "mapping": [
          {
            "identity": "w5",
            "map": "FiveWs.recorded"
          },
          {
            "identity": "quick",
            "map": "ClinicalStatement.statementDateTime"
          }
        ]
      },
      {
        "id": "DeviceUseStatement.source",
        "path": "DeviceUseStatement.source",
        "short": "Who made the statement",
        "definition": "Who reported the device was being used by the patient.",
        "min": 0,
        "max": "1",
        "base": {
          "path": "DeviceUseStatement.source",
          "min": 0,
          "max": "1"
        },
        "type": [
          {
            "code": "Reference",
            "targetProfile": [
              "http://hl7.org/fhir/StructureDefinition/Patient",
              "http://hl7.org/fhir/StructureDefinition/Practitioner",
              "http://hl7.org/fhir/StructureDefinition/PractitionerRole",
              "http://hl7.org/fhir/StructureDefinition/RelatedPerson"
            ]
          }
        ],
        "constraint": [
          {
            "key": "ele-1",
            "severity": "error",
            "human": "All FHIR elements must have a @value or children",
            "expression": "hasValue() or (children().count() > id.count())",
            "xpath": "@value|f:*|h:div",
            "source": "http://hl7.org/fhir/StructureDefinition/Element"
          }
        ],
        "isModifier": false,
        "isSummary": true,
        "mapping": [
          {
            "identity": "workflow",
            "map": "Event.performer.actor"
          },
          {
            "identity": "w5",
            "map": "FiveWs.actor"
          }
        ]
      },
      {
        "id": "DeviceUseStatement.device",
        "path": "DeviceUseStatement.device",
        "short": "The description of the device that the patient used.",
        "definition": "The details of the device used.",
        "min": 1,
        "max": "1",
        "base": {
          "path": "DeviceUseStatement.device",
          "min": 1,
          "max": "1"
        },
        "type": [
          {
            "code": "Reference",
            "targetProfile": [
              "http://hl7.org/fhir/StructureDefinition/Device"
            ]
          }
        ],
        "constraint": [
          {
            "key": "ele-1",
            "severity": "error",
            "human": "All FHIR elements must have a @value or children",
            "expression": "hasValue() or (children().count() > id.count())",
            "xpath": "@value|f:*|h:div",
            "source": "http://hl7.org/fhir/StructureDefinition/Element"
          }
        ],
        "isModifier": false,
        "isSummary": true,
        "mapping": [
          {
            "identity": "w5",
            "map": "FiveWs.actor"
          },
          {
            "identity": "quick",
            "map": "DeviceUse.device"
          }
        ]
      },
      {
        "id": "DeviceUseStatement.reasonCode",
        "path": "DeviceUseStatement.reasonCode",
        "short": "Why device was used",
        "definition": "Reason or justification for the use of the device.",
        "min": 0,
        "max": "*",
        "base": {
          "path": "DeviceUseStatement.reasonCode",
          "min": 0,
          "max": "*"
        },
        "type": [
          {
            "code": "CodeableConcept"
          }
        ],
        "constraint": [
          {
            "key": "ele-1",
            "severity": "error",
            "human": "All FHIR elements must have a @value or children",
            "expression": "hasValue() or (children().count() > id.count())",
            "xpath": "@value|f:*|h:div",
            "source": "http://hl7.org/fhir/StructureDefinition/Element"
          }
        ],
        "isModifier": false,
        "isSummary": true,
        "mapping": [
          {
            "identity": "workflow",
            "map": "Event.reasonCode"
          },
          {
            "identity": "w5",
            "map": "FiveWs.why[x]"
          },
          {
            "identity": "quick",
            "map": "Action.indication.reason"
          }
        ]
      },
      {
        "id": "DeviceUseStatement.reasonReference",
        "path": "DeviceUseStatement.reasonReference",
        "short": "Why was DeviceUseStatement performed?",
        "definition": "Indicates another resource whose existence justifies this DeviceUseStatement.",
        "min": 0,
        "max": "*",
        "base": {
          "path": "DeviceUseStatement.reasonReference",
          "min": 0,
          "max": "*"
        },
        "type": [
          {
            "code": "Reference",
            "targetProfile": [
              "http://hl7.org/fhir/StructureDefinition/Condition",
              "http://hl7.org/fhir/StructureDefinition/Observation",
              "http://hl7.org/fhir/StructureDefinition/DiagnosticReport",
              "http://hl7.org/fhir/StructureDefinition/DocumentReference",
              "http://hl7.org/fhir/StructureDefinition/Media"
            ]
          }
        ],
        "constraint": [
          {
            "key": "ele-1",
            "severity": "error",
            "human": "All FHIR elements must have a @value or children",
            "expression": "hasValue() or (children().count() > id.count())",
            "xpath": "@value|f:*|h:div",
            "source": "http://hl7.org/fhir/StructureDefinition/Element"
          }
        ],
        "isModifier": false,
        "isSummary": true,
        "mapping": [
          {
            "identity": "workflow",
            "map": "Event.reasonReference"
          },
          {
            "identity": "w5",
            "map": "FiveWs.why[x]"
          },
          {
            "identity": "v2",
            "map": "EVN.4 or by domain"
          },
          {
            "identity": "rim",
            "map": ".outboundRelationship[typeCode=RSON].target"
          }
        ]
      },
      {
        "id": "DeviceUseStatement.bodySite",
        "path": "DeviceUseStatement.bodySite",
        "short": "Target body site",
        "definition": "Indicates the anotomic location on the subject's body where the device was used ( i.e. the target).",
        "requirements": "Knowing where the device is targeted is important for tracking if multiple sites are possible. If more information than just a code is required, use the extension http://hl7.org/fhir/R4/extension-bodysite.",
        "min": 0,
        "max": "1",
        "base": {
          "path": "DeviceUseStatement.bodySite",
          "min": 0,
          "max": "1"
        },
        "type": [
          {
            "code": "CodeableConcept"
          }
        ],
        "constraint": [
          {
            "key": "ele-1",
            "severity": "error",
            "human": "All FHIR elements must have a @value or children",
            "expression": "hasValue() or (children().count() > id.count())",
            "xpath": "@value|f:*|h:div",
            "source": "http://hl7.org/fhir/StructureDefinition/Element"
          }
        ],
        "isModifier": false,
        "isSummary": true,
        "binding": {
          "extension": [
            {
              "url": "http://hl7.org/fhir/StructureDefinition/elementdefinition-bindingName",
              "valueString": "BodySite"
            }
          ],
          "strength": "example",
          "description": "Codes describing anatomical locations. May include laterality.",
          "valueSet": "http://hl7.org/fhir/ValueSet/body-site"
        },
        "mapping": [
          {
            "identity": "workflow",
            "map": "Event.note"
          },
          {
            "identity": "rim",
            "map": "targetSiteCode"
          }
        ]
      },
      {
        "id": "DeviceUseStatement.note",
        "path": "DeviceUseStatement.note",
        "short": "Addition details (comments, instructions)",
        "definition": "Details about the device statement that were not represented at all or sufficiently in one of the attributes provided in a class. These may include for example a comment, an instruction, or a note associated with the statement.",
        "min": 0,
        "max": "*",
        "base": {
          "path": "DeviceUseStatement.note",
          "min": 0,
          "max": "*"
        },
        "type": [
          {
            "code": "Annotation"
          }
        ],
        "constraint": [
          {
            "key": "ele-1",
            "severity": "error",
            "human": "All FHIR elements must have a @value or children",
            "expression": "hasValue() or (children().count() > id.count())",
            "xpath": "@value|f:*|h:div",
            "source": "http://hl7.org/fhir/StructureDefinition/Element"
          }
        ],
        "isModifier": false,
        "isSummary": false,
        "mapping": [
          {
            "identity": "workflow",
            "map": "Event.note"
          },
          {
            "identity": "quick",
            "map": "ClinicalStatement.additionalText"
          }
        ]
      }
    ]
  },
  "differential": {
    "element": [
      {
        "id": "DeviceUseStatement",
        "path": "DeviceUseStatement"
      },
      {
        "id": "DeviceUseStatement.subject",
        "path": "DeviceUseStatement.subject",
        "type": [
          {
            "code": "Reference",
            "targetProfile": [
              "http://hl7.org/fhir/us/core/StructureDefinition/us-core-patient"
            ]
          }
        ]
      },
      {
        "id": "DeviceUseStatement.device",
        "path": "DeviceUseStatement.device",
        "short": "The description of the device that the patient used."
      },
      {
        "id": "DeviceUseStatement.bodySite",
        "path": "DeviceUseStatement.bodySite",
        "requirements": "Knowing where the device is targeted is important for tracking if multiple sites are possible. If more information than just a code is required, use the extension http://hl7.org/fhir/R4/extension-bodysite."
      }
    ]
  }
}